27-Apr-2025 12:26:14.361 INFO [main] org.apache.catalina.startup.VersionLoggerListener.log Server version name:   Apache Tomcat/9.0.104
27-Apr-2025 12:26:14.370 INFO [main] org.apache.catalina.startup.VersionLoggerListener.log Server built:          Apr 4 2025 12:32:55 UTC
27-Apr-2025 12:26:14.372 INFO [main] org.apache.catalina.startup.VersionLoggerListener.log Server version number: 9.0.104.0
27-Apr-2025 12:26:14.373 INFO [main] org.apache.catalina.startup.VersionLoggerListener.log OS Name:               Windows 10
27-Apr-2025 12:26:14.373 INFO [main] org.apache.catalina.startup.VersionLoggerListener.log OS Version:            10.0
27-Apr-2025 12:26:14.373 INFO [main] org.apache.catalina.startup.VersionLoggerListener.log Architecture:          amd64
27-Apr-2025 12:26:14.374 INFO [main] org.apache.catalina.startup.VersionLoggerListener.log Java Home:             C:\Java\jdk-19
27-Apr-2025 12:26:14.374 INFO [main] org.apache.catalina.startup.VersionLoggerListener.log JVM Version:           19+36-2238
27-Apr-2025 12:26:14.375 INFO [main] org.apache.catalina.startup.VersionLoggerListener.log JVM Vendor:            Oracle Corporation
27-Apr-2025 12:26:14.375 INFO [main] org.apache.catalina.startup.VersionLoggerListener.log CATALINA_BASE:         C:\Users\idipa\OneDrive\Desktop\apache-tomcat-9.0.104
27-Apr-2025 12:26:14.376 INFO [main] org.apache.catalina.startup.VersionLoggerListener.log CATALINA_HOME:         C:\Users\idipa\OneDrive\Desktop\apache-tomcat-9.0.104
27-Apr-2025 12:26:14.398 INFO [main] org.apache.catalina.startup.VersionLoggerListener.log Command line argument: --add-opens=java.base/java.lang=ALL-UNNAMED
27-Apr-2025 12:26:14.399 INFO [main] org.apache.catalina.startup.VersionLoggerListener.log Command line argument: --add-opens=java.base/java.lang.invoke=ALL-UNNAMED
27-Apr-2025 12:26:14.399 INFO [main] org.apache.catalina.startup.VersionLoggerListener.log Command line argument: --add-opens=java.base/java.lang.reflect=ALL-UNNAMED
27-Apr-2025 12:26:14.406 INFO [main] org.apache.catalina.startup.VersionLoggerListener.log Command line argument: --add-opens=java.base/java.io=ALL-UNNAMED
27-Apr-2025 12:26:14.409 INFO [main] org.apache.catalina.startup.VersionLoggerListener.log Command line argument: --add-opens=java.base/java.util=ALL-UNNAMED
27-Apr-2025 12:26:14.410 INFO [main] org.apache.catalina.startup.VersionLoggerListener.log Command line argument: --add-opens=java.base/java.util.concurrent=ALL-UNNAMED
27-Apr-2025 12:26:14.412 INFO [main] org.apache.catalina.startup.VersionLoggerListener.log Command line argument: --add-opens=java.rmi/sun.rmi.transport=ALL-UNNAMED
27-Apr-2025 12:26:14.414 INFO [main] org.apache.catalina.startup.VersionLoggerListener.log Command line argument: -Djava.util.logging.config.file=C:\Users\idipa\OneDrive\Desktop\apache-tomcat-9.0.104\conf\logging.properties
27-Apr-2025 12:26:14.418 INFO [main] org.apache.catalina.startup.VersionLoggerListener.log Command line argument: -Djava.util.logging.manager=org.apache.juli.ClassLoaderLogManager
27-Apr-2025 12:26:14.419 INFO [main] org.apache.catalina.startup.VersionLoggerListener.log Command line argument: -Djdk.tls.ephemeralDHKeySize=2048
27-Apr-2025 12:26:14.422 INFO [main] org.apache.catalina.startup.VersionLoggerListener.log Command line argument: -Djava.protocol.handler.pkgs=org.apache.catalina.webresources
27-Apr-2025 12:26:14.429 INFO [main] org.apache.catalina.startup.VersionLoggerListener.log Command line argument: -Dsun.io.useCanonCaches=false
27-Apr-2025 12:26:14.432 INFO [main] org.apache.catalina.startup.VersionLoggerListener.log Command line argument: -Dignore.endorsed.dirs=
27-Apr-2025 12:26:14.437 INFO [main] org.apache.catalina.startup.VersionLoggerListener.log Command line argument: -Dcatalina.base=C:\Users\idipa\OneDrive\Desktop\apache-tomcat-9.0.104
27-Apr-2025 12:26:14.442 INFO [main] org.apache.catalina.startup.VersionLoggerListener.log Command line argument: -Dcatalina.home=C:\Users\idipa\OneDrive\Desktop\apache-tomcat-9.0.104
27-Apr-2025 12:26:14.445 INFO [main] org.apache.catalina.startup.VersionLoggerListener.log Command line argument: -Djava.io.tmpdir=C:\Users\idipa\OneDrive\Desktop\apache-tomcat-9.0.104\temp
27-Apr-2025 12:26:14.475 INFO [main] org.apache.catalina.core.AprLifecycleListener.lifecycleEvent Loaded Apache Tomcat Native library [1.3.1] using APR version [1.7.4].
27-Apr-2025 12:26:14.475 INFO [main] org.apache.catalina.core.AprLifecycleListener.lifecycleEvent APR capabilities: IPv6 [true], sendfile [true], accept filters [false], random [true], UDS [true].
27-Apr-2025 12:26:14.477 INFO [main] org.apache.catalina.core.AprLifecycleListener.lifecycleEvent APR/OpenSSL configuration: useAprConnector [false], useOpenSSL [true]
27-Apr-2025 12:26:14.490 INFO [main] org.apache.catalina.core.AprLifecycleListener.initializeSSL OpenSSL successfully initialized [OpenSSL 3.0.14 4 Jun 2024]
27-Apr-2025 12:26:15.765 INFO [main] org.apache.coyote.AbstractProtocol.init Initializing ProtocolHandler ["http-nio-8002"]
27-Apr-2025 12:26:15.820 INFO [main] org.apache.catalina.startup.Catalina.load Server initialization in [1762] milliseconds
27-Apr-2025 12:26:15.942 INFO [main] org.apache.catalina.core.StandardService.startInternal Starting service [Catalina]
27-Apr-2025 12:26:15.942 INFO [main] org.apache.catalina.core.StandardEngine.startInternal Starting Servlet engine: [Apache Tomcat/9.0.104]
27-Apr-2025 12:26:15.974 INFO [main] org.apache.catalina.startup.HostConfig.deployDirectory Deploying web application directory [C:\Users\idipa\OneDrive\Desktop\apache-tomcat-9.0.104\webapps\docs]
27-Apr-2025 12:26:16.689 INFO [main] org.apache.catalina.startup.HostConfig.deployDirectory Deployment of web application directory [C:\Users\idipa\OneDrive\Desktop\apache-tomcat-9.0.104\webapps\docs] has finished in [714] ms
27-Apr-2025 12:26:16.690 INFO [main] org.apache.catalina.startup.HostConfig.deployDirectory Deploying web application directory [C:\Users\idipa\OneDrive\Desktop\apache-tomcat-9.0.104\webapps\examples]
27-Apr-2025 12:26:18.669 INFO [main] org.apache.catalina.startup.HostConfig.deployDirectory Deployment of web application directory [C:\Users\idipa\OneDrive\Desktop\apache-tomcat-9.0.104\webapps\examples] has finished in [1,979] ms
27-Apr-2025 12:26:18.676 INFO [main] org.apache.catalina.startup.HostConfig.deployDirectory Deploying web application directory [C:\Users\idipa\OneDrive\Desktop\apache-tomcat-9.0.104\webapps\host-manager]
27-Apr-2025 12:26:18.880 INFO [main] org.apache.catalina.startup.HostConfig.deployDirectory Deployment of web application directory [C:\Users\idipa\OneDrive\Desktop\apache-tomcat-9.0.104\webapps\host-manager] has finished in [204] ms
27-Apr-2025 12:26:18.895 INFO [main] org.apache.catalina.startup.HostConfig.deployDirectory Deploying web application directory [C:\Users\idipa\OneDrive\Desktop\apache-tomcat-9.0.104\webapps\manager]
27-Apr-2025 12:26:19.143 INFO [main] org.apache.catalina.startup.HostConfig.deployDirectory Deployment of web application directory [C:\Users\idipa\OneDrive\Desktop\apache-tomcat-9.0.104\webapps\manager] has finished in [248] ms
27-Apr-2025 12:26:19.147 INFO [main] org.apache.catalina.startup.HostConfig.deployDirectory Deploying web application directory [C:\Users\idipa\OneDrive\Desktop\apache-tomcat-9.0.104\webapps\ROOT]
27-Apr-2025 12:26:19.377 INFO [main] org.apache.catalina.startup.HostConfig.deployDirectory Deployment of web application directory [C:\Users\idipa\OneDrive\Desktop\apache-tomcat-9.0.104\webapps\ROOT] has finished in [230] ms
27-Apr-2025 12:26:19.386 INFO [main] org.apache.coyote.AbstractProtocol.start Starting ProtocolHandler ["http-nio-8002"]
27-Apr-2025 12:26:19.633 INFO [main] org.apache.catalina.startup.Catalina.start Server startup in [3808] milliseconds
27-Apr-2025 12:28:20.163 INFO [Catalina-utility-2] org.apache.catalina.startup.HostConfig.deployDirectory Deploying web application directory [C:\Users\idipa\OneDrive\Desktop\apache-tomcat-9.0.104\webapps\1112]
27-Apr-2025 12:28:20.231 INFO [Catalina-utility-2] org.apache.catalina.startup.HostConfig.deployDirectory Deployment of web application directory [C:\Users\idipa\OneDrive\Desktop\apache-tomcat-9.0.104\webapps\1112] has finished in [68] ms
27-Apr-2025 12:31:41.910 INFO [Catalina-utility-1] org.apache.catalina.startup.HostConfig.reload Reloading context [/1112]
27-Apr-2025 12:31:41.911 INFO [Catalina-utility-1] org.apache.catalina.core.StandardContext.reload Reloading Context with name [/1112] has started
27-Apr-2025 12:31:41.977 INFO [Catalina-utility-1] org.apache.catalina.core.StandardContext.reload Reloading Context with name [/1112] is completed
27-Apr-2025 12:31:51.993 INFO [Catalina-utility-2] org.apache.catalina.startup.HostConfig.reload Reloading context [/1112]
27-Apr-2025 12:31:51.994 INFO [Catalina-utility-2] org.apache.catalina.core.StandardContext.reload Reloading Context with name [/1112] has started
27-Apr-2025 12:31:52.092 INFO [Catalina-utility-2] org.apache.catalina.core.StandardContext.reload Reloading Context with name [/1112] is completed
27-Apr-2025 12:33:07.565 INFO [main] org.apache.catalina.core.StandardServer.await A valid shutdown command was received via the shutdown port. Stopping the Server instance.
27-Apr-2025 12:33:07.566 INFO [main] org.apache.coyote.AbstractProtocol.pause Pausing ProtocolHandler ["http-nio-8002"]
27-Apr-2025 12:33:07.674 INFO [main] org.apache.catalina.core.StandardService.stopInternal Stopping service [Catalina]
27-Apr-2025 12:33:07.697 INFO [main] org.apache.coyote.AbstractProtocol.stop Stopping ProtocolHandler ["http-nio-8002"]
27-Apr-2025 12:33:07.707 INFO [main] org.apache.coyote.AbstractProtocol.destroy Destroying ProtocolHandler ["http-nio-8002"]
27-Apr-2025 12:39:17.321 INFO [main] org.apache.catalina.startup.VersionLoggerListener.log Server version name:   Apache Tomcat/9.0.104
27-Apr-2025 12:39:17.327 INFO [main] org.apache.catalina.startup.VersionLoggerListener.log Server built:          Apr 4 2025 12:32:55 UTC
27-Apr-2025 12:39:17.327 INFO [main] org.apache.catalina.startup.VersionLoggerListener.log Server version number: 9.0.104.0
27-Apr-2025 12:39:17.327 INFO [main] org.apache.catalina.startup.VersionLoggerListener.log OS Name:               Windows 10
27-Apr-2025 12:39:17.328 INFO [main] org.apache.catalina.startup.VersionLoggerListener.log OS Version:            10.0
27-Apr-2025 12:39:17.328 INFO [main] org.apache.catalina.startup.VersionLoggerListener.log Architecture:          amd64
27-Apr-2025 12:39:17.328 INFO [main] org.apache.catalina.startup.VersionLoggerListener.log Java Home:             C:\Java\jdk-19
27-Apr-2025 12:39:17.328 INFO [main] org.apache.catalina.startup.VersionLoggerListener.log JVM Version:           19+36-2238
27-Apr-2025 12:39:17.328 INFO [main] org.apache.catalina.startup.VersionLoggerListener.log JVM Vendor:            Oracle Corporation
27-Apr-2025 12:39:17.329 INFO [main] org.apache.catalina.startup.VersionLoggerListener.log CATALINA_BASE:         C:\Users\idipa\OneDrive\Desktop\apache-tomcat-9.0.104
27-Apr-2025 12:39:17.329 INFO [main] org.apache.catalina.startup.VersionLoggerListener.log CATALINA_HOME:         C:\Users\idipa\OneDrive\Desktop\apache-tomcat-9.0.104
27-Apr-2025 12:39:17.345 INFO [main] org.apache.catalina.startup.VersionLoggerListener.log Command line argument: --add-opens=java.base/java.lang=ALL-UNNAMED
27-Apr-2025 12:39:17.345 INFO [main] org.apache.catalina.startup.VersionLoggerListener.log Command line argument: --add-opens=java.base/java.lang.invoke=ALL-UNNAMED
27-Apr-2025 12:39:17.346 INFO [main] org.apache.catalina.startup.VersionLoggerListener.log Command line argument: --add-opens=java.base/java.lang.reflect=ALL-UNNAMED
27-Apr-2025 12:39:17.346 INFO [main] org.apache.catalina.startup.VersionLoggerListener.log Command line argument: --add-opens=java.base/java.io=ALL-UNNAMED
27-Apr-2025 12:39:17.349 INFO [main] org.apache.catalina.startup.VersionLoggerListener.log Command line argument: --add-opens=java.base/java.util=ALL-UNNAMED
27-Apr-2025 12:39:17.350 INFO [main] org.apache.catalina.startup.VersionLoggerListener.log Command line argument: --add-opens=java.base/java.util.concurrent=ALL-UNNAMED
27-Apr-2025 12:39:17.351 INFO [main] org.apache.catalina.startup.VersionLoggerListener.log Command line argument: --add-opens=java.rmi/sun.rmi.transport=ALL-UNNAMED
27-Apr-2025 12:39:17.352 INFO [main] org.apache.catalina.startup.VersionLoggerListener.log Command line argument: -Djava.util.logging.config.file=C:\Users\idipa\OneDrive\Desktop\apache-tomcat-9.0.104\conf\logging.properties
27-Apr-2025 12:39:17.353 INFO [main] org.apache.catalina.startup.VersionLoggerListener.log Command line argument: -Djava.util.logging.manager=org.apache.juli.ClassLoaderLogManager
27-Apr-2025 12:39:17.354 INFO [main] org.apache.catalina.startup.VersionLoggerListener.log Command line argument: -Djdk.tls.ephemeralDHKeySize=2048
27-Apr-2025 12:39:17.354 INFO [main] org.apache.catalina.startup.VersionLoggerListener.log Command line argument: -Djava.protocol.handler.pkgs=org.apache.catalina.webresources
27-Apr-2025 12:39:17.355 INFO [main] org.apache.catalina.startup.VersionLoggerListener.log Command line argument: -Dsun.io.useCanonCaches=false
27-Apr-2025 12:39:17.356 INFO [main] org.apache.catalina.startup.VersionLoggerListener.log Command line argument: -Dignore.endorsed.dirs=
27-Apr-2025 12:39:17.359 INFO [main] org.apache.catalina.startup.VersionLoggerListener.log Command line argument: -Dcatalina.base=C:\Users\idipa\OneDrive\Desktop\apache-tomcat-9.0.104
27-Apr-2025 12:39:17.360 INFO [main] org.apache.catalina.startup.VersionLoggerListener.log Command line argument: -Dcatalina.home=C:\Users\idipa\OneDrive\Desktop\apache-tomcat-9.0.104
27-Apr-2025 12:39:17.360 INFO [main] org.apache.catalina.startup.VersionLoggerListener.log Command line argument: -Djava.io.tmpdir=C:\Users\idipa\OneDrive\Desktop\apache-tomcat-9.0.104\temp
27-Apr-2025 12:39:17.366 INFO [main] org.apache.catalina.core.AprLifecycleListener.lifecycleEvent Loaded Apache Tomcat Native library [1.3.1] using APR version [1.7.4].
27-Apr-2025 12:39:17.367 INFO [main] org.apache.catalina.core.AprLifecycleListener.lifecycleEvent APR capabilities: IPv6 [true], sendfile [true], accept filters [false], random [true], UDS [true].
27-Apr-2025 12:39:17.367 INFO [main] org.apache.catalina.core.AprLifecycleListener.lifecycleEvent APR/OpenSSL configuration: useAprConnector [false], useOpenSSL [true]
27-Apr-2025 12:39:17.377 INFO [main] org.apache.catalina.core.AprLifecycleListener.initializeSSL OpenSSL successfully initialized [OpenSSL 3.0.14 4 Jun 2024]
27-Apr-2025 12:39:17.842 INFO [main] org.apache.coyote.AbstractProtocol.init Initializing ProtocolHandler ["http-nio-8002"]
27-Apr-2025 12:39:17.879 INFO [main] org.apache.catalina.startup.Catalina.load Server initialization in [835] milliseconds
27-Apr-2025 12:39:17.949 INFO [main] org.apache.catalina.core.StandardService.startInternal Starting service [Catalina]
27-Apr-2025 12:39:17.950 INFO [main] org.apache.catalina.core.StandardEngine.startInternal Starting Servlet engine: [Apache Tomcat/9.0.104]
27-Apr-2025 12:39:17.970 INFO [main] org.apache.catalina.startup.HostConfig.deployDirectory Deploying web application directory [C:\Users\idipa\OneDrive\Desktop\apache-tomcat-9.0.104\webapps\1112]
27-Apr-2025 12:39:18.482 INFO [main] org.apache.catalina.startup.HostConfig.deployDirectory Deployment of web application directory [C:\Users\idipa\OneDrive\Desktop\apache-tomcat-9.0.104\webapps\1112] has finished in [512] ms
27-Apr-2025 12:39:18.483 INFO [main] org.apache.catalina.startup.HostConfig.deployDirectory Deploying web application directory [C:\Users\idipa\OneDrive\Desktop\apache-tomcat-9.0.104\webapps\docs]
27-Apr-2025 12:39:18.551 INFO [main] org.apache.catalina.startup.HostConfig.deployDirectory Deployment of web application directory [C:\Users\idipa\OneDrive\Desktop\apache-tomcat-9.0.104\webapps\docs] has finished in [69] ms
27-Apr-2025 12:39:18.552 INFO [main] org.apache.catalina.startup.HostConfig.deployDirectory Deploying web application directory [C:\Users\idipa\OneDrive\Desktop\apache-tomcat-9.0.104\webapps\examples]
27-Apr-2025 12:39:19.448 INFO [main] org.apache.catalina.startup.HostConfig.deployDirectory Deployment of web application directory [C:\Users\idipa\OneDrive\Desktop\apache-tomcat-9.0.104\webapps\examples] has finished in [895] ms
27-Apr-2025 12:39:19.448 INFO [main] org.apache.catalina.startup.HostConfig.deployDirectory Deploying web application directory [C:\Users\idipa\OneDrive\Desktop\apache-tomcat-9.0.104\webapps\host-manager]
27-Apr-2025 12:39:19.513 INFO [main] org.apache.catalina.startup.HostConfig.deployDirectory Deployment of web application directory [C:\Users\idipa\OneDrive\Desktop\apache-tomcat-9.0.104\webapps\host-manager] has finished in [65] ms
27-Apr-2025 12:39:19.514 INFO [main] org.apache.catalina.startup.HostConfig.deployDirectory Deploying web application directory [C:\Users\idipa\OneDrive\Desktop\apache-tomcat-9.0.104\webapps\manager]
27-Apr-2025 12:39:19.588 INFO [main] org.apache.catalina.startup.HostConfig.deployDirectory Deployment of web application directory [C:\Users\idipa\OneDrive\Desktop\apache-tomcat-9.0.104\webapps\manager] has finished in [73] ms
27-Apr-2025 12:39:19.589 INFO [main] org.apache.catalina.startup.HostConfig.deployDirectory Deploying web application directory [C:\Users\idipa\OneDrive\Desktop\apache-tomcat-9.0.104\webapps\ROOT]
27-Apr-2025 12:39:19.645 INFO [main] org.apache.catalina.startup.HostConfig.deployDirectory Deployment of web application directory [C:\Users\idipa\OneDrive\Desktop\apache-tomcat-9.0.104\webapps\ROOT] has finished in [57] ms
27-Apr-2025 12:39:19.651 INFO [main] org.apache.coyote.AbstractProtocol.start Starting ProtocolHandler ["http-nio-8002"]
27-Apr-2025 12:39:19.702 INFO [main] org.apache.catalina.startup.Catalina.start Server startup in [1820] milliseconds
27-Apr-2025 12:40:46.866 INFO [main] org.apache.catalina.core.StandardServer.await A valid shutdown command was received via the shutdown port. Stopping the Server instance.
27-Apr-2025 12:40:46.867 INFO [main] org.apache.coyote.AbstractProtocol.pause Pausing ProtocolHandler ["http-nio-8002"]
27-Apr-2025 12:40:47.005 INFO [main] org.apache.catalina.core.StandardService.stopInternal Stopping service [Catalina]
27-Apr-2025 12:40:47.047 INFO [main] org.apache.coyote.AbstractProtocol.stop Stopping ProtocolHandler ["http-nio-8002"]
27-Apr-2025 12:40:47.062 INFO [main] org.apache.coyote.AbstractProtocol.destroy Destroying ProtocolHandler ["http-nio-8002"]
27-Apr-2025 12:41:01.313 INFO [main] org.apache.catalina.startup.VersionLoggerListener.log Server version name:   Apache Tomcat/9.0.104
27-Apr-2025 12:41:01.321 INFO [main] org.apache.catalina.startup.VersionLoggerListener.log Server built:          Apr 4 2025 12:32:55 UTC
27-Apr-2025 12:41:01.322 INFO [main] org.apache.catalina.startup.VersionLoggerListener.log Server version number: 9.0.104.0
27-Apr-2025 12:41:01.322 INFO [main] org.apache.catalina.startup.VersionLoggerListener.log OS Name:               Windows 10
27-Apr-2025 12:41:01.323 INFO [main] org.apache.catalina.startup.VersionLoggerListener.log OS Version:            10.0
27-Apr-2025 12:41:01.324 INFO [main] org.apache.catalina.startup.VersionLoggerListener.log Architecture:          amd64
27-Apr-2025 12:41:01.325 INFO [main] org.apache.catalina.startup.VersionLoggerListener.log Java Home:             C:\Java\jdk-19
27-Apr-2025 12:41:01.325 INFO [main] org.apache.catalina.startup.VersionLoggerListener.log JVM Version:           19+36-2238
27-Apr-2025 12:41:01.326 INFO [main] org.apache.catalina.startup.VersionLoggerListener.log JVM Vendor:            Oracle Corporation
27-Apr-2025 12:41:01.327 INFO [main] org.apache.catalina.startup.VersionLoggerListener.log CATALINA_BASE:         C:\Users\idipa\OneDrive\Desktop\apache-tomcat-9.0.104
27-Apr-2025 12:41:01.328 INFO [main] org.apache.catalina.startup.VersionLoggerListener.log CATALINA_HOME:         C:\Users\idipa\OneDrive\Desktop\apache-tomcat-9.0.104
27-Apr-2025 12:41:01.340 INFO [main] org.apache.catalina.startup.VersionLoggerListener.log Command line argument: --add-opens=java.base/java.lang=ALL-UNNAMED
27-Apr-2025 12:41:01.340 INFO [main] org.apache.catalina.startup.VersionLoggerListener.log Command line argument: --add-opens=java.base/java.lang.invoke=ALL-UNNAMED
27-Apr-2025 12:41:01.341 INFO [main] org.apache.catalina.startup.VersionLoggerListener.log Command line argument: --add-opens=java.base/java.lang.reflect=ALL-UNNAMED
27-Apr-2025 12:41:01.342 INFO [main] org.apache.catalina.startup.VersionLoggerListener.log Command line argument: --add-opens=java.base/java.io=ALL-UNNAMED
27-Apr-2025 12:41:01.343 INFO [main] org.apache.catalina.startup.VersionLoggerListener.log Command line argument: --add-opens=java.base/java.util=ALL-UNNAMED
27-Apr-2025 12:41:01.344 INFO [main] org.apache.catalina.startup.VersionLoggerListener.log Command line argument: --add-opens=java.base/java.util.concurrent=ALL-UNNAMED
27-Apr-2025 12:41:01.345 INFO [main] org.apache.catalina.startup.VersionLoggerListener.log Command line argument: --add-opens=java.rmi/sun.rmi.transport=ALL-UNNAMED
27-Apr-2025 12:41:01.347 INFO [main] org.apache.catalina.startup.VersionLoggerListener.log Command line argument: -Djava.util.logging.config.file=C:\Users\idipa\OneDrive\Desktop\apache-tomcat-9.0.104\conf\logging.properties
27-Apr-2025 12:41:01.348 INFO [main] org.apache.catalina.startup.VersionLoggerListener.log Command line argument: -Djava.util.logging.manager=org.apache.juli.ClassLoaderLogManager
27-Apr-2025 12:41:01.349 INFO [main] org.apache.catalina.startup.VersionLoggerListener.log Command line argument: -Djdk.tls.ephemeralDHKeySize=2048
27-Apr-2025 12:41:01.350 INFO [main] org.apache.catalina.startup.VersionLoggerListener.log Command line argument: -Djava.protocol.handler.pkgs=org.apache.catalina.webresources
27-Apr-2025 12:41:01.353 INFO [main] org.apache.catalina.startup.VersionLoggerListener.log Command line argument: -Dsun.io.useCanonCaches=false
27-Apr-2025 12:41:01.354 INFO [main] org.apache.catalina.startup.VersionLoggerListener.log Command line argument: -Dignore.endorsed.dirs=
27-Apr-2025 12:41:01.355 INFO [main] org.apache.catalina.startup.VersionLoggerListener.log Command line argument: -Dcatalina.base=C:\Users\idipa\OneDrive\Desktop\apache-tomcat-9.0.104
27-Apr-2025 12:41:01.355 INFO [main] org.apache.catalina.startup.VersionLoggerListener.log Command line argument: -Dcatalina.home=C:\Users\idipa\OneDrive\Desktop\apache-tomcat-9.0.104
27-Apr-2025 12:41:01.356 INFO [main] org.apache.catalina.startup.VersionLoggerListener.log Command line argument: -Djava.io.tmpdir=C:\Users\idipa\OneDrive\Desktop\apache-tomcat-9.0.104\temp
27-Apr-2025 12:41:01.361 INFO [main] org.apache.catalina.core.AprLifecycleListener.lifecycleEvent Loaded Apache Tomcat Native library [1.3.1] using APR version [1.7.4].
27-Apr-2025 12:41:01.361 INFO [main] org.apache.catalina.core.AprLifecycleListener.lifecycleEvent APR capabilities: IPv6 [true], sendfile [true], accept filters [false], random [true], UDS [true].
27-Apr-2025 12:41:01.362 INFO [main] org.apache.catalina.core.AprLifecycleListener.lifecycleEvent APR/OpenSSL configuration: useAprConnector [false], useOpenSSL [true]
27-Apr-2025 12:41:01.373 INFO [main] org.apache.catalina.core.AprLifecycleListener.initializeSSL OpenSSL successfully initialized [OpenSSL 3.0.14 4 Jun 2024]
27-Apr-2025 12:41:01.893 INFO [main] org.apache.coyote.AbstractProtocol.init Initializing ProtocolHandler ["http-nio-8002"]
27-Apr-2025 12:41:01.938 INFO [main] org.apache.catalina.startup.Catalina.load Server initialization in [918] milliseconds
27-Apr-2025 12:41:02.014 INFO [main] org.apache.catalina.core.StandardService.startInternal Starting service [Catalina]
27-Apr-2025 12:41:02.015 INFO [main] org.apache.catalina.core.StandardEngine.startInternal Starting Servlet engine: [Apache Tomcat/9.0.104]
27-Apr-2025 12:41:02.033 INFO [main] org.apache.catalina.startup.HostConfig.deployDirectory Deploying web application directory [C:\Users\idipa\OneDrive\Desktop\apache-tomcat-9.0.104\webapps\1112]
27-Apr-2025 12:41:02.673 INFO [main] org.apache.catalina.startup.HostConfig.deployDirectory Deployment of web application directory [C:\Users\idipa\OneDrive\Desktop\apache-tomcat-9.0.104\webapps\1112] has finished in [639] ms
27-Apr-2025 12:41:02.674 INFO [main] org.apache.catalina.startup.HostConfig.deployDirectory Deploying web application directory [C:\Users\idipa\OneDrive\Desktop\apache-tomcat-9.0.104\webapps\docs]
27-Apr-2025 12:41:02.754 INFO [main] org.apache.catalina.startup.HostConfig.deployDirectory Deployment of web application directory [C:\Users\idipa\OneDrive\Desktop\apache-tomcat-9.0.104\webapps\docs] has finished in [80] ms
27-Apr-2025 12:41:02.755 INFO [main] org.apache.catalina.startup.HostConfig.deployDirectory Deploying web application directory [C:\Users\idipa\OneDrive\Desktop\apache-tomcat-9.0.104\webapps\examples]
27-Apr-2025 12:41:03.599 INFO [main] org.apache.catalina.startup.HostConfig.deployDirectory Deployment of web application directory [C:\Users\idipa\OneDrive\Desktop\apache-tomcat-9.0.104\webapps\examples] has finished in [843] ms
27-Apr-2025 12:41:03.600 INFO [main] org.apache.catalina.startup.HostConfig.deployDirectory Deploying web application directory [C:\Users\idipa\OneDrive\Desktop\apache-tomcat-9.0.104\webapps\host-manager]
27-Apr-2025 12:41:03.672 INFO [main] org.apache.catalina.startup.HostConfig.deployDirectory Deployment of web application directory [C:\Users\idipa\OneDrive\Desktop\apache-tomcat-9.0.104\webapps\host-manager] has finished in [71] ms
27-Apr-2025 12:41:03.673 INFO [main] org.apache.catalina.startup.HostConfig.deployDirectory Deploying web application directory [C:\Users\idipa\OneDrive\Desktop\apache-tomcat-9.0.104\webapps\manager]
27-Apr-2025 12:41:03.747 INFO [main] org.apache.catalina.startup.HostConfig.deployDirectory Deployment of web application directory [C:\Users\idipa\OneDrive\Desktop\apache-tomcat-9.0.104\webapps\manager] has finished in [74] ms
27-Apr-2025 12:41:03.749 INFO [main] org.apache.catalina.startup.HostConfig.deployDirectory Deploying web application directory [C:\Users\idipa\OneDrive\Desktop\apache-tomcat-9.0.104\webapps\ROOT]
27-Apr-2025 12:41:03.806 INFO [main] org.apache.catalina.startup.HostConfig.deployDirectory Deployment of web application directory [C:\Users\idipa\OneDrive\Desktop\apache-tomcat-9.0.104\webapps\ROOT] has finished in [57] ms
27-Apr-2025 12:41:03.814 INFO [main] org.apache.coyote.AbstractProtocol.start Starting ProtocolHandler ["http-nio-8002"]
27-Apr-2025 12:41:03.865 INFO [main] org.apache.catalina.startup.Catalina.start Server startup in [1922] milliseconds
27-Apr-2025 12:45:51.532 INFO [main] org.apache.catalina.startup.VersionLoggerListener.log Server version name:   Apache Tomcat/9.0.104
27-Apr-2025 12:45:51.539 INFO [main] org.apache.catalina.startup.VersionLoggerListener.log Server built:          Apr 4 2025 12:32:55 UTC
27-Apr-2025 12:45:51.540 INFO [main] org.apache.catalina.startup.VersionLoggerListener.log Server version number: 9.0.104.0
27-Apr-2025 12:45:51.540 INFO [main] org.apache.catalina.startup.VersionLoggerListener.log OS Name:               Windows 10
27-Apr-2025 12:45:51.540 INFO [main] org.apache.catalina.startup.VersionLoggerListener.log OS Version:            10.0
27-Apr-2025 12:45:51.541 INFO [main] org.apache.catalina.startup.VersionLoggerListener.log Architecture:          amd64
27-Apr-2025 12:45:51.541 INFO [main] org.apache.catalina.startup.VersionLoggerListener.log Java Home:             C:\Java\jdk-19
27-Apr-2025 12:45:51.541 INFO [main] org.apache.catalina.startup.VersionLoggerListener.log JVM Version:           19+36-2238
27-Apr-2025 12:45:51.542 INFO [main] org.apache.catalina.startup.VersionLoggerListener.log JVM Vendor:            Oracle Corporation
27-Apr-2025 12:45:51.542 INFO [main] org.apache.catalina.startup.VersionLoggerListener.log CATALINA_BASE:         C:\Users\idipa\OneDrive\Desktop\apache-tomcat-9.0.104
27-Apr-2025 12:45:51.542 INFO [main] org.apache.catalina.startup.VersionLoggerListener.log CATALINA_HOME:         C:\Users\idipa\OneDrive\Desktop\apache-tomcat-9.0.104
27-Apr-2025 12:45:51.554 INFO [main] org.apache.catalina.startup.VersionLoggerListener.log Command line argument: --add-opens=java.base/java.lang=ALL-UNNAMED
27-Apr-2025 12:45:51.555 INFO [main] org.apache.catalina.startup.VersionLoggerListener.log Command line argument: --add-opens=java.base/java.lang.invoke=ALL-UNNAMED
27-Apr-2025 12:45:51.555 INFO [main] org.apache.catalina.startup.VersionLoggerListener.log Command line argument: --add-opens=java.base/java.lang.reflect=ALL-UNNAMED
27-Apr-2025 12:45:51.555 INFO [main] org.apache.catalina.startup.VersionLoggerListener.log Command line argument: --add-opens=java.base/java.io=ALL-UNNAMED
27-Apr-2025 12:45:51.556 INFO [main] org.apache.catalina.startup.VersionLoggerListener.log Command line argument: --add-opens=java.base/java.util=ALL-UNNAMED
27-Apr-2025 12:45:51.560 INFO [main] org.apache.catalina.startup.VersionLoggerListener.log Command line argument: --add-opens=java.base/java.util.concurrent=ALL-UNNAMED
27-Apr-2025 12:45:51.561 INFO [main] org.apache.catalina.startup.VersionLoggerListener.log Command line argument: --add-opens=java.rmi/sun.rmi.transport=ALL-UNNAMED
27-Apr-2025 12:45:51.563 INFO [main] org.apache.catalina.startup.VersionLoggerListener.log Command line argument: -Djava.util.logging.config.file=C:\Users\idipa\OneDrive\Desktop\apache-tomcat-9.0.104\conf\logging.properties
27-Apr-2025 12:45:51.564 INFO [main] org.apache.catalina.startup.VersionLoggerListener.log Command line argument: -Djava.util.logging.manager=org.apache.juli.ClassLoaderLogManager
27-Apr-2025 12:45:51.564 INFO [main] org.apache.catalina.startup.VersionLoggerListener.log Command line argument: -Djdk.tls.ephemeralDHKeySize=2048
27-Apr-2025 12:45:51.565 INFO [main] org.apache.catalina.startup.VersionLoggerListener.log Command line argument: -Djava.protocol.handler.pkgs=org.apache.catalina.webresources
27-Apr-2025 12:45:51.566 INFO [main] org.apache.catalina.startup.VersionLoggerListener.log Command line argument: -Dsun.io.useCanonCaches=false
27-Apr-2025 12:45:51.567 INFO [main] org.apache.catalina.startup.VersionLoggerListener.log Command line argument: -Dignore.endorsed.dirs=
27-Apr-2025 12:45:51.567 INFO [main] org.apache.catalina.startup.VersionLoggerListener.log Command line argument: -Dcatalina.base=C:\Users\idipa\OneDrive\Desktop\apache-tomcat-9.0.104
27-Apr-2025 12:45:51.568 INFO [main] org.apache.catalina.startup.VersionLoggerListener.log Command line argument: -Dcatalina.home=C:\Users\idipa\OneDrive\Desktop\apache-tomcat-9.0.104
27-Apr-2025 12:45:51.569 INFO [main] org.apache.catalina.startup.VersionLoggerListener.log Command line argument: -Djava.io.tmpdir=C:\Users\idipa\OneDrive\Desktop\apache-tomcat-9.0.104\temp
27-Apr-2025 12:45:51.574 INFO [main] org.apache.catalina.core.AprLifecycleListener.lifecycleEvent Loaded Apache Tomcat Native library [1.3.1] using APR version [1.7.4].
27-Apr-2025 12:45:51.575 INFO [main] org.apache.catalina.core.AprLifecycleListener.lifecycleEvent APR capabilities: IPv6 [true], sendfile [true], accept filters [false], random [true], UDS [true].
27-Apr-2025 12:45:51.576 INFO [main] org.apache.catalina.core.AprLifecycleListener.lifecycleEvent APR/OpenSSL configuration: useAprConnector [false], useOpenSSL [true]
27-Apr-2025 12:45:51.586 INFO [main] org.apache.catalina.core.AprLifecycleListener.initializeSSL OpenSSL successfully initialized [OpenSSL 3.0.14 4 Jun 2024]
27-Apr-2025 12:45:52.059 INFO [main] org.apache.coyote.AbstractProtocol.init Initializing ProtocolHandler ["http-nio-8002"]
27-Apr-2025 12:45:52.082 SEVERE [main] org.apache.catalina.util.LifecycleBase.handleSubClassException Failed to initialize component [Connector["http-nio-8002"]]
	org.apache.catalina.LifecycleException: Protocol handler initialization failed
		at org.apache.catalina.connector.Connector.initInternal(Connector.java:1048)
		at org.apache.catalina.util.LifecycleBase.init(LifecycleBase.java:122)
		at org.apache.catalina.core.StandardService.initInternal(StandardService.java:522)
		at org.apache.catalina.util.LifecycleBase.init(LifecycleBase.java:122)
		at org.apache.catalina.core.StandardServer.initInternal(StandardServer.java:986)
		at org.apache.catalina.util.LifecycleBase.init(LifecycleBase.java:122)
		at org.apache.catalina.startup.Catalina.load(Catalina.java:690)
		at org.apache.catalina.startup.Catalina.load(Catalina.java:713)
		at java.base/jdk.internal.reflect.DirectMethodHandleAccessor.invoke(DirectMethodHandleAccessor.java:104)
		at java.base/java.lang.reflect.Method.invoke(Method.java:578)
		at org.apache.catalina.startup.Bootstrap.load(Bootstrap.java:302)
		at org.apache.catalina.startup.Bootstrap.main(Bootstrap.java:475)
	Caused by: java.net.BindException: Address already in use: bind
		at java.base/sun.nio.ch.Net.bind0(Native Method)
		at java.base/sun.nio.ch.Net.bind(Net.java:555)
		at java.base/sun.nio.ch.ServerSocketChannelImpl.netBind(ServerSocketChannelImpl.java:344)
		at java.base/sun.nio.ch.ServerSocketChannelImpl.bind(ServerSocketChannelImpl.java:301)
		at org.apache.tomcat.util.net.NioEndpoint.initServerSocket(NioEndpoint.java:268)
		at org.apache.tomcat.util.net.NioEndpoint.bind(NioEndpoint.java:223)
		at org.apache.tomcat.util.net.AbstractEndpoint.bindWithCleanup(AbstractEndpoint.java:1373)
		at org.apache.tomcat.util.net.AbstractEndpoint.init(AbstractEndpoint.java:1386)
		at org.apache.coyote.AbstractProtocol.init(AbstractProtocol.java:663)
		at org.apache.coyote.http11.AbstractHttp11Protocol.init(AbstractHttp11Protocol.java:80)
		at org.apache.catalina.connector.Connector.initInternal(Connector.java:1046)
		... 11 more
27-Apr-2025 12:45:52.086 INFO [main] org.apache.catalina.startup.Catalina.load Server initialization in [842] milliseconds
27-Apr-2025 12:45:52.162 INFO [main] org.apache.catalina.core.StandardService.startInternal Starting service [Catalina]
27-Apr-2025 12:45:52.165 INFO [main] org.apache.catalina.core.StandardEngine.startInternal Starting Servlet engine: [Apache Tomcat/9.0.104]
27-Apr-2025 12:45:52.183 INFO [main] org.apache.catalina.startup.HostConfig.deployDirectory Deploying web application directory [C:\Users\idipa\OneDrive\Desktop\apache-tomcat-9.0.104\webapps\1112]
27-Apr-2025 12:45:52.700 INFO [main] org.apache.catalina.startup.HostConfig.deployDirectory Deployment of web application directory [C:\Users\idipa\OneDrive\Desktop\apache-tomcat-9.0.104\webapps\1112] has finished in [516] ms
27-Apr-2025 12:45:52.701 INFO [main] org.apache.catalina.startup.HostConfig.deployDirectory Deploying web application directory [C:\Users\idipa\OneDrive\Desktop\apache-tomcat-9.0.104\webapps\docs]
27-Apr-2025 12:45:52.783 INFO [main] org.apache.catalina.startup.HostConfig.deployDirectory Deployment of web application directory [C:\Users\idipa\OneDrive\Desktop\apache-tomcat-9.0.104\webapps\docs] has finished in [82] ms
27-Apr-2025 12:45:52.785 INFO [main] org.apache.catalina.startup.HostConfig.deployDirectory Deploying web application directory [C:\Users\idipa\OneDrive\Desktop\apache-tomcat-9.0.104\webapps\examples]
27-Apr-2025 12:45:53.953 INFO [main] org.apache.catalina.startup.HostConfig.deployDirectory Deployment of web application directory [C:\Users\idipa\OneDrive\Desktop\apache-tomcat-9.0.104\webapps\examples] has finished in [1,169] ms
27-Apr-2025 12:45:53.955 INFO [main] org.apache.catalina.startup.HostConfig.deployDirectory Deploying web application directory [C:\Users\idipa\OneDrive\Desktop\apache-tomcat-9.0.104\webapps\host-manager]
27-Apr-2025 12:45:54.049 INFO [main] org.apache.catalina.startup.HostConfig.deployDirectory Deployment of web application directory [C:\Users\idipa\OneDrive\Desktop\apache-tomcat-9.0.104\webapps\host-manager] has finished in [94] ms
27-Apr-2025 12:45:54.052 INFO [main] org.apache.catalina.startup.HostConfig.deployDirectory Deploying web application directory [C:\Users\idipa\OneDrive\Desktop\apache-tomcat-9.0.104\webapps\manager]
27-Apr-2025 12:45:54.162 INFO [main] org.apache.catalina.startup.HostConfig.deployDirectory Deployment of web application directory [C:\Users\idipa\OneDrive\Desktop\apache-tomcat-9.0.104\webapps\manager] has finished in [110] ms
27-Apr-2025 12:45:54.164 INFO [main] org.apache.catalina.startup.HostConfig.deployDirectory Deploying web application directory [C:\Users\idipa\OneDrive\Desktop\apache-tomcat-9.0.104\webapps\ROOT]
27-Apr-2025 12:45:54.277 INFO [main] org.apache.catalina.startup.HostConfig.deployDirectory Deployment of web application directory [C:\Users\idipa\OneDrive\Desktop\apache-tomcat-9.0.104\webapps\ROOT] has finished in [112] ms
27-Apr-2025 12:45:54.293 INFO [main] org.apache.catalina.startup.Catalina.start Server startup in [2203] milliseconds
27-Apr-2025 12:45:54.313 SEVERE [main] org.apache.catalina.core.StandardServer.await Failed to create server shutdown socket on address [localhost] and port [8005] (base port [8005] and offset [0])
	java.net.BindException: Address already in use: bind
		at java.base/sun.nio.ch.Net.bind0(Native Method)
		at java.base/sun.nio.ch.Net.bind(Net.java:555)
		at java.base/sun.nio.ch.Net.bind(Net.java:544)
		at java.base/sun.nio.ch.NioSocketImpl.bind(NioSocketImpl.java:629)
		at java.base/java.net.ServerSocket.bind(ServerSocket.java:393)
		at java.base/java.net.ServerSocket.<init>(ServerSocket.java:275)
		at org.apache.catalina.core.StandardServer.await(StandardServer.java:537)
		at org.apache.catalina.startup.Catalina.await(Catalina.java:829)
		at org.apache.catalina.startup.Catalina.start(Catalina.java:777)
		at java.base/jdk.internal.reflect.DirectMethodHandleAccessor.invoke(DirectMethodHandleAccessor.java:104)
		at java.base/java.lang.reflect.Method.invoke(Method.java:578)
		at org.apache.catalina.startup.Bootstrap.start(Bootstrap.java:345)
		at org.apache.catalina.startup.Bootstrap.main(Bootstrap.java:476)
27-Apr-2025 12:45:54.317 INFO [main] org.apache.coyote.AbstractProtocol.pause Pausing ProtocolHandler ["http-nio-8002"]
27-Apr-2025 12:45:54.318 INFO [main] org.apache.catalina.core.StandardService.stopInternal Stopping service [Catalina]
27-Apr-2025 12:45:54.414 INFO [main] org.apache.coyote.AbstractProtocol.stop Stopping ProtocolHandler ["http-nio-8002"]
27-Apr-2025 12:45:54.421 INFO [main] org.apache.coyote.AbstractProtocol.destroy Destroying ProtocolHandler ["http-nio-8002"]
27-Apr-2025 12:47:31.827 INFO [main] org.apache.catalina.core.StandardServer.await A valid shutdown command was received via the shutdown port. Stopping the Server instance.
27-Apr-2025 12:47:31.828 INFO [main] org.apache.coyote.AbstractProtocol.pause Pausing ProtocolHandler ["http-nio-8002"]
27-Apr-2025 12:47:31.937 INFO [main] org.apache.catalina.core.StandardService.stopInternal Stopping service [Catalina]
27-Apr-2025 12:47:31.970 INFO [main] org.apache.coyote.AbstractProtocol.stop Stopping ProtocolHandler ["http-nio-8002"]
27-Apr-2025 12:47:31.986 INFO [main] org.apache.coyote.AbstractProtocol.destroy Destroying ProtocolHandler ["http-nio-8002"]
27-Apr-2025 12:49:13.146 INFO [main] org.apache.catalina.startup.VersionLoggerListener.log Server version name:   Apache Tomcat/9.0.104
27-Apr-2025 12:49:13.151 INFO [main] org.apache.catalina.startup.VersionLoggerListener.log Server built:          Apr 4 2025 12:32:55 UTC
27-Apr-2025 12:49:13.151 INFO [main] org.apache.catalina.startup.VersionLoggerListener.log Server version number: 9.0.104.0
27-Apr-2025 12:49:13.152 INFO [main] org.apache.catalina.startup.VersionLoggerListener.log OS Name:               Windows 10
27-Apr-2025 12:49:13.152 INFO [main] org.apache.catalina.startup.VersionLoggerListener.log OS Version:            10.0
27-Apr-2025 12:49:13.152 INFO [main] org.apache.catalina.startup.VersionLoggerListener.log Architecture:          amd64
27-Apr-2025 12:49:13.153 INFO [main] org.apache.catalina.startup.VersionLoggerListener.log Java Home:             C:\Java\jdk-19
27-Apr-2025 12:49:13.153 INFO [main] org.apache.catalina.startup.VersionLoggerListener.log JVM Version:           19+36-2238
27-Apr-2025 12:49:13.153 INFO [main] org.apache.catalina.startup.VersionLoggerListener.log JVM Vendor:            Oracle Corporation
27-Apr-2025 12:49:13.153 INFO [main] org.apache.catalina.startup.VersionLoggerListener.log CATALINA_BASE:         C:\Users\idipa\OneDrive\Desktop\apache-tomcat-9.0.104
27-Apr-2025 12:49:13.154 INFO [main] org.apache.catalina.startup.VersionLoggerListener.log CATALINA_HOME:         C:\Users\idipa\OneDrive\Desktop\apache-tomcat-9.0.104
27-Apr-2025 12:49:13.180 INFO [main] org.apache.catalina.startup.VersionLoggerListener.log Command line argument: --add-opens=java.base/java.lang=ALL-UNNAMED
27-Apr-2025 12:49:13.181 INFO [main] org.apache.catalina.startup.VersionLoggerListener.log Command line argument: --add-opens=java.base/java.lang.invoke=ALL-UNNAMED
27-Apr-2025 12:49:13.182 INFO [main] org.apache.catalina.startup.VersionLoggerListener.log Command line argument: --add-opens=java.base/java.lang.reflect=ALL-UNNAMED
27-Apr-2025 12:49:13.182 INFO [main] org.apache.catalina.startup.VersionLoggerListener.log Command line argument: --add-opens=java.base/java.io=ALL-UNNAMED
27-Apr-2025 12:49:13.189 INFO [main] org.apache.catalina.startup.VersionLoggerListener.log Command line argument: --add-opens=java.base/java.util=ALL-UNNAMED
27-Apr-2025 12:49:13.191 INFO [main] org.apache.catalina.startup.VersionLoggerListener.log Command line argument: --add-opens=java.base/java.util.concurrent=ALL-UNNAMED
27-Apr-2025 12:49:13.196 INFO [main] org.apache.catalina.startup.VersionLoggerListener.log Command line argument: --add-opens=java.rmi/sun.rmi.transport=ALL-UNNAMED
27-Apr-2025 12:49:13.206 INFO [main] org.apache.catalina.startup.VersionLoggerListener.log Command line argument: -Djava.util.logging.config.file=C:\Users\idipa\OneDrive\Desktop\apache-tomcat-9.0.104\conf\logging.properties
27-Apr-2025 12:49:13.210 INFO [main] org.apache.catalina.startup.VersionLoggerListener.log Command line argument: -Djava.util.logging.manager=org.apache.juli.ClassLoaderLogManager
27-Apr-2025 12:49:13.211 INFO [main] org.apache.catalina.startup.VersionLoggerListener.log Command line argument: -Djdk.tls.ephemeralDHKeySize=2048
27-Apr-2025 12:49:13.214 INFO [main] org.apache.catalina.startup.VersionLoggerListener.log Command line argument: -Djava.protocol.handler.pkgs=org.apache.catalina.webresources
27-Apr-2025 12:49:13.217 INFO [main] org.apache.catalina.startup.VersionLoggerListener.log Command line argument: -Dsun.io.useCanonCaches=false
27-Apr-2025 12:49:13.218 INFO [main] org.apache.catalina.startup.VersionLoggerListener.log Command line argument: -Dignore.endorsed.dirs=
27-Apr-2025 12:49:13.220 INFO [main] org.apache.catalina.startup.VersionLoggerListener.log Command line argument: -Dcatalina.base=C:\Users\idipa\OneDrive\Desktop\apache-tomcat-9.0.104
27-Apr-2025 12:49:13.222 INFO [main] org.apache.catalina.startup.VersionLoggerListener.log Command line argument: -Dcatalina.home=C:\Users\idipa\OneDrive\Desktop\apache-tomcat-9.0.104
27-Apr-2025 12:49:13.223 INFO [main] org.apache.catalina.startup.VersionLoggerListener.log Command line argument: -Djava.io.tmpdir=C:\Users\idipa\OneDrive\Desktop\apache-tomcat-9.0.104\temp
27-Apr-2025 12:49:13.231 INFO [main] org.apache.catalina.core.AprLifecycleListener.lifecycleEvent Loaded Apache Tomcat Native library [1.3.1] using APR version [1.7.4].
27-Apr-2025 12:49:13.232 INFO [main] org.apache.catalina.core.AprLifecycleListener.lifecycleEvent APR capabilities: IPv6 [true], sendfile [true], accept filters [false], random [true], UDS [true].
27-Apr-2025 12:49:13.233 INFO [main] org.apache.catalina.core.AprLifecycleListener.lifecycleEvent APR/OpenSSL configuration: useAprConnector [false], useOpenSSL [true]
27-Apr-2025 12:49:13.243 INFO [main] org.apache.catalina.core.AprLifecycleListener.initializeSSL OpenSSL successfully initialized [OpenSSL 3.0.14 4 Jun 2024]
27-Apr-2025 12:49:13.731 INFO [main] org.apache.coyote.AbstractProtocol.init Initializing ProtocolHandler ["http-nio-8002"]
27-Apr-2025 12:49:13.776 INFO [main] org.apache.catalina.startup.Catalina.load Server initialization in [908] milliseconds
27-Apr-2025 12:49:13.853 INFO [main] org.apache.catalina.core.StandardService.startInternal Starting service [Catalina]
27-Apr-2025 12:49:13.854 INFO [main] org.apache.catalina.core.StandardEngine.startInternal Starting Servlet engine: [Apache Tomcat/9.0.104]
27-Apr-2025 12:49:13.870 INFO [main] org.apache.catalina.startup.HostConfig.deployDirectory Deploying web application directory [C:\Users\idipa\OneDrive\Desktop\apache-tomcat-9.0.104\webapps\1112]
27-Apr-2025 12:49:14.547 INFO [main] org.apache.catalina.startup.HostConfig.deployDirectory Deployment of web application directory [C:\Users\idipa\OneDrive\Desktop\apache-tomcat-9.0.104\webapps\1112] has finished in [676] ms
27-Apr-2025 12:49:14.548 INFO [main] org.apache.catalina.startup.HostConfig.deployDirectory Deploying web application directory [C:\Users\idipa\OneDrive\Desktop\apache-tomcat-9.0.104\webapps\docs]
27-Apr-2025 12:49:14.685 INFO [main] org.apache.catalina.startup.HostConfig.deployDirectory Deployment of web application directory [C:\Users\idipa\OneDrive\Desktop\apache-tomcat-9.0.104\webapps\docs] has finished in [137] ms
27-Apr-2025 12:49:14.686 INFO [main] org.apache.catalina.startup.HostConfig.deployDirectory Deploying web application directory [C:\Users\idipa\OneDrive\Desktop\apache-tomcat-9.0.104\webapps\examples]
27-Apr-2025 12:49:15.660 INFO [main] org.apache.catalina.startup.HostConfig.deployDirectory Deployment of web application directory [C:\Users\idipa\OneDrive\Desktop\apache-tomcat-9.0.104\webapps\examples] has finished in [974] ms
27-Apr-2025 12:49:15.663 INFO [main] org.apache.catalina.startup.HostConfig.deployDirectory Deploying web application directory [C:\Users\idipa\OneDrive\Desktop\apache-tomcat-9.0.104\webapps\host-manager]
27-Apr-2025 12:49:15.747 INFO [main] org.apache.catalina.startup.HostConfig.deployDirectory Deployment of web application directory [C:\Users\idipa\OneDrive\Desktop\apache-tomcat-9.0.104\webapps\host-manager] has finished in [84] ms
27-Apr-2025 12:49:15.748 INFO [main] org.apache.catalina.startup.HostConfig.deployDirectory Deploying web application directory [C:\Users\idipa\OneDrive\Desktop\apache-tomcat-9.0.104\webapps\manager]
27-Apr-2025 12:49:15.851 INFO [main] org.apache.catalina.startup.HostConfig.deployDirectory Deployment of web application directory [C:\Users\idipa\OneDrive\Desktop\apache-tomcat-9.0.104\webapps\manager] has finished in [104] ms
27-Apr-2025 12:49:15.852 INFO [main] org.apache.catalina.startup.HostConfig.deployDirectory Deploying web application directory [C:\Users\idipa\OneDrive\Desktop\apache-tomcat-9.0.104\webapps\ROOT]
27-Apr-2025 12:49:15.930 INFO [main] org.apache.catalina.startup.HostConfig.deployDirectory Deployment of web application directory [C:\Users\idipa\OneDrive\Desktop\apache-tomcat-9.0.104\webapps\ROOT] has finished in [77] ms
27-Apr-2025 12:49:15.942 INFO [main] org.apache.coyote.AbstractProtocol.start Starting ProtocolHandler ["http-nio-8002"]
27-Apr-2025 12:49:16.022 INFO [main] org.apache.catalina.startup.Catalina.start Server startup in [2238] milliseconds
27-Apr-2025 12:50:41.621 INFO [main] org.apache.catalina.core.StandardServer.await A valid shutdown command was received via the shutdown port. Stopping the Server instance.
27-Apr-2025 12:50:41.622 INFO [main] org.apache.coyote.AbstractProtocol.pause Pausing ProtocolHandler ["http-nio-8002"]
27-Apr-2025 12:50:41.726 INFO [main] org.apache.catalina.core.StandardService.stopInternal Stopping service [Catalina]
27-Apr-2025 12:50:41.759 INFO [main] org.apache.coyote.AbstractProtocol.stop Stopping ProtocolHandler ["http-nio-8002"]
27-Apr-2025 12:50:41.767 INFO [main] org.apache.coyote.AbstractProtocol.destroy Destroying ProtocolHandler ["http-nio-8002"]
27-Apr-2025 12:50:44.326 INFO [main] org.apache.catalina.startup.VersionLoggerListener.log Server version name:   Apache Tomcat/9.0.104
27-Apr-2025 12:50:44.330 INFO [main] org.apache.catalina.startup.VersionLoggerListener.log Server built:          Apr 4 2025 12:32:55 UTC
27-Apr-2025 12:50:44.331 INFO [main] org.apache.catalina.startup.VersionLoggerListener.log Server version number: 9.0.104.0
27-Apr-2025 12:50:44.331 INFO [main] org.apache.catalina.startup.VersionLoggerListener.log OS Name:               Windows 10
27-Apr-2025 12:50:44.331 INFO [main] org.apache.catalina.startup.VersionLoggerListener.log OS Version:            10.0
27-Apr-2025 12:50:44.332 INFO [main] org.apache.catalina.startup.VersionLoggerListener.log Architecture:          amd64
27-Apr-2025 12:50:44.332 INFO [main] org.apache.catalina.startup.VersionLoggerListener.log Java Home:             C:\Java\jdk-19
27-Apr-2025 12:50:44.332 INFO [main] org.apache.catalina.startup.VersionLoggerListener.log JVM Version:           19+36-2238
27-Apr-2025 12:50:44.332 INFO [main] org.apache.catalina.startup.VersionLoggerListener.log JVM Vendor:            Oracle Corporation
27-Apr-2025 12:50:44.333 INFO [main] org.apache.catalina.startup.VersionLoggerListener.log CATALINA_BASE:         C:\Users\idipa\OneDrive\Desktop\apache-tomcat-9.0.104
27-Apr-2025 12:50:44.333 INFO [main] org.apache.catalina.startup.VersionLoggerListener.log CATALINA_HOME:         C:\Users\idipa\OneDrive\Desktop\apache-tomcat-9.0.104
27-Apr-2025 12:50:44.345 INFO [main] org.apache.catalina.startup.VersionLoggerListener.log Command line argument: --add-opens=java.base/java.lang=ALL-UNNAMED
27-Apr-2025 12:50:44.346 INFO [main] org.apache.catalina.startup.VersionLoggerListener.log Command line argument: --add-opens=java.base/java.lang.invoke=ALL-UNNAMED
27-Apr-2025 12:50:44.346 INFO [main] org.apache.catalina.startup.VersionLoggerListener.log Command line argument: --add-opens=java.base/java.lang.reflect=ALL-UNNAMED
27-Apr-2025 12:50:44.347 INFO [main] org.apache.catalina.startup.VersionLoggerListener.log Command line argument: --add-opens=java.base/java.io=ALL-UNNAMED
27-Apr-2025 12:50:44.351 INFO [main] org.apache.catalina.startup.VersionLoggerListener.log Command line argument: --add-opens=java.base/java.util=ALL-UNNAMED
27-Apr-2025 12:50:44.352 INFO [main] org.apache.catalina.startup.VersionLoggerListener.log Command line argument: --add-opens=java.base/java.util.concurrent=ALL-UNNAMED
27-Apr-2025 12:50:44.353 INFO [main] org.apache.catalina.startup.VersionLoggerListener.log Command line argument: --add-opens=java.rmi/sun.rmi.transport=ALL-UNNAMED
27-Apr-2025 12:50:44.353 INFO [main] org.apache.catalina.startup.VersionLoggerListener.log Command line argument: -Djava.util.logging.config.file=C:\Users\idipa\OneDrive\Desktop\apache-tomcat-9.0.104\conf\logging.properties
27-Apr-2025 12:50:44.354 INFO [main] org.apache.catalina.startup.VersionLoggerListener.log Command line argument: -Djava.util.logging.manager=org.apache.juli.ClassLoaderLogManager
27-Apr-2025 12:50:44.355 INFO [main] org.apache.catalina.startup.VersionLoggerListener.log Command line argument: -Djdk.tls.ephemeralDHKeySize=2048
27-Apr-2025 12:50:44.356 INFO [main] org.apache.catalina.startup.VersionLoggerListener.log Command line argument: -Djava.protocol.handler.pkgs=org.apache.catalina.webresources
27-Apr-2025 12:50:44.356 INFO [main] org.apache.catalina.startup.VersionLoggerListener.log Command line argument: -Dsun.io.useCanonCaches=false
27-Apr-2025 12:50:44.357 INFO [main] org.apache.catalina.startup.VersionLoggerListener.log Command line argument: -Dignore.endorsed.dirs=
27-Apr-2025 12:50:44.358 INFO [main] org.apache.catalina.startup.VersionLoggerListener.log Command line argument: -Dcatalina.base=C:\Users\idipa\OneDrive\Desktop\apache-tomcat-9.0.104
27-Apr-2025 12:50:44.359 INFO [main] org.apache.catalina.startup.VersionLoggerListener.log Command line argument: -Dcatalina.home=C:\Users\idipa\OneDrive\Desktop\apache-tomcat-9.0.104
27-Apr-2025 12:50:44.359 INFO [main] org.apache.catalina.startup.VersionLoggerListener.log Command line argument: -Djava.io.tmpdir=C:\Users\idipa\OneDrive\Desktop\apache-tomcat-9.0.104\temp
27-Apr-2025 12:50:44.365 INFO [main] org.apache.catalina.core.AprLifecycleListener.lifecycleEvent Loaded Apache Tomcat Native library [1.3.1] using APR version [1.7.4].
27-Apr-2025 12:50:44.366 INFO [main] org.apache.catalina.core.AprLifecycleListener.lifecycleEvent APR capabilities: IPv6 [true], sendfile [true], accept filters [false], random [true], UDS [true].
27-Apr-2025 12:50:44.367 INFO [main] org.apache.catalina.core.AprLifecycleListener.lifecycleEvent APR/OpenSSL configuration: useAprConnector [false], useOpenSSL [true]
27-Apr-2025 12:50:44.377 INFO [main] org.apache.catalina.core.AprLifecycleListener.initializeSSL OpenSSL successfully initialized [OpenSSL 3.0.14 4 Jun 2024]
27-Apr-2025 12:50:45.534 INFO [main] org.apache.coyote.AbstractProtocol.init Initializing ProtocolHandler ["http-nio-8002"]
27-Apr-2025 12:50:45.676 INFO [main] org.apache.catalina.startup.Catalina.load Server initialization in [1641] milliseconds
27-Apr-2025 12:50:45.814 INFO [main] org.apache.catalina.core.StandardService.startInternal Starting service [Catalina]
27-Apr-2025 12:50:45.815 INFO [main] org.apache.catalina.core.StandardEngine.startInternal Starting Servlet engine: [Apache Tomcat/9.0.104]
27-Apr-2025 12:50:45.835 INFO [main] org.apache.catalina.startup.HostConfig.deployDirectory Deploying web application directory [C:\Users\idipa\OneDrive\Desktop\apache-tomcat-9.0.104\webapps\1112]
27-Apr-2025 12:50:46.502 INFO [main] org.apache.catalina.startup.HostConfig.deployDirectory Deployment of web application directory [C:\Users\idipa\OneDrive\Desktop\apache-tomcat-9.0.104\webapps\1112] has finished in [666] ms
27-Apr-2025 12:50:46.504 INFO [main] org.apache.catalina.startup.HostConfig.deployDirectory Deploying web application directory [C:\Users\idipa\OneDrive\Desktop\apache-tomcat-9.0.104\webapps\docs]
27-Apr-2025 12:50:46.579 INFO [main] org.apache.catalina.startup.HostConfig.deployDirectory Deployment of web application directory [C:\Users\idipa\OneDrive\Desktop\apache-tomcat-9.0.104\webapps\docs] has finished in [74] ms
27-Apr-2025 12:50:46.580 INFO [main] org.apache.catalina.startup.HostConfig.deployDirectory Deploying web application directory [C:\Users\idipa\OneDrive\Desktop\apache-tomcat-9.0.104\webapps\examples]
27-Apr-2025 12:50:47.456 INFO [main] org.apache.catalina.startup.HostConfig.deployDirectory Deployment of web application directory [C:\Users\idipa\OneDrive\Desktop\apache-tomcat-9.0.104\webapps\examples] has finished in [876] ms
27-Apr-2025 12:50:47.457 INFO [main] org.apache.catalina.startup.HostConfig.deployDirectory Deploying web application directory [C:\Users\idipa\OneDrive\Desktop\apache-tomcat-9.0.104\webapps\host-manager]
27-Apr-2025 12:50:47.546 INFO [main] org.apache.catalina.startup.HostConfig.deployDirectory Deployment of web application directory [C:\Users\idipa\OneDrive\Desktop\apache-tomcat-9.0.104\webapps\host-manager] has finished in [89] ms
27-Apr-2025 12:50:47.548 INFO [main] org.apache.catalina.startup.HostConfig.deployDirectory Deploying web application directory [C:\Users\idipa\OneDrive\Desktop\apache-tomcat-9.0.104\webapps\manager]
27-Apr-2025 12:50:47.636 INFO [main] org.apache.catalina.startup.HostConfig.deployDirectory Deployment of web application directory [C:\Users\idipa\OneDrive\Desktop\apache-tomcat-9.0.104\webapps\manager] has finished in [88] ms
27-Apr-2025 12:50:47.640 INFO [main] org.apache.catalina.startup.HostConfig.deployDirectory Deploying web application directory [C:\Users\idipa\OneDrive\Desktop\apache-tomcat-9.0.104\webapps\ROOT]
27-Apr-2025 12:50:47.852 INFO [main] org.apache.catalina.startup.HostConfig.deployDirectory Deployment of web application directory [C:\Users\idipa\OneDrive\Desktop\apache-tomcat-9.0.104\webapps\ROOT] has finished in [212] ms
27-Apr-2025 12:50:47.872 INFO [main] org.apache.coyote.AbstractProtocol.start Starting ProtocolHandler ["http-nio-8002"]
27-Apr-2025 12:50:48.047 INFO [main] org.apache.catalina.startup.Catalina.start Server startup in [2365] milliseconds
27-Apr-2025 12:57:27.646 INFO [main] org.apache.catalina.core.StandardServer.await A valid shutdown command was received via the shutdown port. Stopping the Server instance.
27-Apr-2025 12:57:27.648 INFO [main] org.apache.coyote.AbstractProtocol.pause Pausing ProtocolHandler ["http-nio-8002"]
27-Apr-2025 12:57:27.912 INFO [main] org.apache.catalina.core.StandardService.stopInternal Stopping service [Catalina]
27-Apr-2025 12:57:27.959 INFO [main] org.apache.coyote.AbstractProtocol.stop Stopping ProtocolHandler ["http-nio-8002"]
27-Apr-2025 12:57:27.979 INFO [main] org.apache.coyote.AbstractProtocol.destroy Destroying ProtocolHandler ["http-nio-8002"]
27-Apr-2025 13:00:02.815 INFO [main] org.apache.catalina.startup.VersionLoggerListener.log Server version name:   Apache Tomcat/9.0.104
27-Apr-2025 13:00:02.834 INFO [main] org.apache.catalina.startup.VersionLoggerListener.log Server built:          Apr 4 2025 12:32:55 UTC
27-Apr-2025 13:00:02.835 INFO [main] org.apache.catalina.startup.VersionLoggerListener.log Server version number: 9.0.104.0
27-Apr-2025 13:00:02.836 INFO [main] org.apache.catalina.startup.VersionLoggerListener.log OS Name:               Windows 10
27-Apr-2025 13:00:02.836 INFO [main] org.apache.catalina.startup.VersionLoggerListener.log OS Version:            10.0
27-Apr-2025 13:00:02.836 INFO [main] org.apache.catalina.startup.VersionLoggerListener.log Architecture:          amd64
27-Apr-2025 13:00:02.839 INFO [main] org.apache.catalina.startup.VersionLoggerListener.log Java Home:             C:\Java\jdk-19
27-Apr-2025 13:00:02.840 INFO [main] org.apache.catalina.startup.VersionLoggerListener.log JVM Version:           19+36-2238
27-Apr-2025 13:00:02.844 INFO [main] org.apache.catalina.startup.VersionLoggerListener.log JVM Vendor:            Oracle Corporation
27-Apr-2025 13:00:02.848 INFO [main] org.apache.catalina.startup.VersionLoggerListener.log CATALINA_BASE:         C:\Users\idipa\OneDrive\Desktop\apache-tomcat-9.0.104
27-Apr-2025 13:00:02.852 INFO [main] org.apache.catalina.startup.VersionLoggerListener.log CATALINA_HOME:         C:\Users\idipa\OneDrive\Desktop\apache-tomcat-9.0.104
27-Apr-2025 13:00:02.855 INFO [main] org.apache.catalina.startup.VersionLoggerListener.log Command line argument: --add-opens=java.base/java.lang=ALL-UNNAMED
27-Apr-2025 13:00:02.856 INFO [main] org.apache.catalina.startup.VersionLoggerListener.log Command line argument: --add-opens=java.base/java.lang.invoke=ALL-UNNAMED
27-Apr-2025 13:00:02.856 INFO [main] org.apache.catalina.startup.VersionLoggerListener.log Command line argument: --add-opens=java.base/java.lang.reflect=ALL-UNNAMED
27-Apr-2025 13:00:02.857 INFO [main] org.apache.catalina.startup.VersionLoggerListener.log Command line argument: --add-opens=java.base/java.io=ALL-UNNAMED
27-Apr-2025 13:00:02.857 INFO [main] org.apache.catalina.startup.VersionLoggerListener.log Command line argument: --add-opens=java.base/java.util=ALL-UNNAMED
27-Apr-2025 13:00:02.861 INFO [main] org.apache.catalina.startup.VersionLoggerListener.log Command line argument: --add-opens=java.base/java.util.concurrent=ALL-UNNAMED
27-Apr-2025 13:00:02.861 INFO [main] org.apache.catalina.startup.VersionLoggerListener.log Command line argument: --add-opens=java.rmi/sun.rmi.transport=ALL-UNNAMED
27-Apr-2025 13:00:02.862 INFO [main] org.apache.catalina.startup.VersionLoggerListener.log Command line argument: -Djava.util.logging.config.file=C:\Users\idipa\OneDrive\Desktop\apache-tomcat-9.0.104\conf\logging.properties
27-Apr-2025 13:00:02.865 INFO [main] org.apache.catalina.startup.VersionLoggerListener.log Command line argument: -Djava.util.logging.manager=org.apache.juli.ClassLoaderLogManager
27-Apr-2025 13:00:02.866 INFO [main] org.apache.catalina.startup.VersionLoggerListener.log Command line argument: -Djdk.tls.ephemeralDHKeySize=2048
27-Apr-2025 13:00:02.868 INFO [main] org.apache.catalina.startup.VersionLoggerListener.log Command line argument: -Djava.protocol.handler.pkgs=org.apache.catalina.webresources
27-Apr-2025 13:00:02.868 INFO [main] org.apache.catalina.startup.VersionLoggerListener.log Command line argument: -Dsun.io.useCanonCaches=false
27-Apr-2025 13:00:02.873 INFO [main] org.apache.catalina.startup.VersionLoggerListener.log Command line argument: -Dignore.endorsed.dirs=
27-Apr-2025 13:00:02.877 INFO [main] org.apache.catalina.startup.VersionLoggerListener.log Command line argument: -Dcatalina.base=C:\Users\idipa\OneDrive\Desktop\apache-tomcat-9.0.104
27-Apr-2025 13:00:02.878 INFO [main] org.apache.catalina.startup.VersionLoggerListener.log Command line argument: -Dcatalina.home=C:\Users\idipa\OneDrive\Desktop\apache-tomcat-9.0.104
27-Apr-2025 13:00:02.879 INFO [main] org.apache.catalina.startup.VersionLoggerListener.log Command line argument: -Djava.io.tmpdir=C:\Users\idipa\OneDrive\Desktop\apache-tomcat-9.0.104\temp
27-Apr-2025 13:00:02.885 INFO [main] org.apache.catalina.core.AprLifecycleListener.lifecycleEvent Loaded Apache Tomcat Native library [1.3.1] using APR version [1.7.4].
27-Apr-2025 13:00:02.886 INFO [main] org.apache.catalina.core.AprLifecycleListener.lifecycleEvent APR capabilities: IPv6 [true], sendfile [true], accept filters [false], random [true], UDS [true].
27-Apr-2025 13:00:02.887 INFO [main] org.apache.catalina.core.AprLifecycleListener.lifecycleEvent APR/OpenSSL configuration: useAprConnector [false], useOpenSSL [true]
27-Apr-2025 13:00:02.898 INFO [main] org.apache.catalina.core.AprLifecycleListener.initializeSSL OpenSSL successfully initialized [OpenSSL 3.0.14 4 Jun 2024]
27-Apr-2025 13:00:03.391 INFO [main] org.apache.coyote.AbstractProtocol.init Initializing ProtocolHandler ["http-nio-8002"]
27-Apr-2025 13:00:03.443 INFO [main] org.apache.catalina.startup.Catalina.load Server initialization in [965] milliseconds
27-Apr-2025 13:00:03.538 INFO [main] org.apache.catalina.core.StandardService.startInternal Starting service [Catalina]
27-Apr-2025 13:00:03.539 INFO [main] org.apache.catalina.core.StandardEngine.startInternal Starting Servlet engine: [Apache Tomcat/9.0.104]
27-Apr-2025 13:00:03.561 INFO [main] org.apache.catalina.startup.HostConfig.deployDirectory Deploying web application directory [C:\Users\idipa\OneDrive\Desktop\apache-tomcat-9.0.104\webapps\1112]
27-Apr-2025 13:00:04.342 INFO [main] org.apache.catalina.startup.HostConfig.deployDirectory Deployment of web application directory [C:\Users\idipa\OneDrive\Desktop\apache-tomcat-9.0.104\webapps\1112] has finished in [779] ms
27-Apr-2025 13:00:04.343 INFO [main] org.apache.catalina.startup.HostConfig.deployDirectory Deploying web application directory [C:\Users\idipa\OneDrive\Desktop\apache-tomcat-9.0.104\webapps\docs]
27-Apr-2025 13:00:04.536 INFO [main] org.apache.catalina.startup.HostConfig.deployDirectory Deployment of web application directory [C:\Users\idipa\OneDrive\Desktop\apache-tomcat-9.0.104\webapps\docs] has finished in [193] ms
27-Apr-2025 13:00:04.539 INFO [main] org.apache.catalina.startup.HostConfig.deployDirectory Deploying web application directory [C:\Users\idipa\OneDrive\Desktop\apache-tomcat-9.0.104\webapps\examples]
27-Apr-2025 13:00:05.474 INFO [main] org.apache.catalina.startup.HostConfig.deployDirectory Deployment of web application directory [C:\Users\idipa\OneDrive\Desktop\apache-tomcat-9.0.104\webapps\examples] has finished in [935] ms
27-Apr-2025 13:00:05.475 INFO [main] org.apache.catalina.startup.HostConfig.deployDirectory Deploying web application directory [C:\Users\idipa\OneDrive\Desktop\apache-tomcat-9.0.104\webapps\host-manager]
27-Apr-2025 13:00:05.544 INFO [main] org.apache.catalina.startup.HostConfig.deployDirectory Deployment of web application directory [C:\Users\idipa\OneDrive\Desktop\apache-tomcat-9.0.104\webapps\host-manager] has finished in [69] ms
27-Apr-2025 13:00:05.546 INFO [main] org.apache.catalina.startup.HostConfig.deployDirectory Deploying web application directory [C:\Users\idipa\OneDrive\Desktop\apache-tomcat-9.0.104\webapps\manager]
27-Apr-2025 13:00:05.629 INFO [main] org.apache.catalina.startup.HostConfig.deployDirectory Deployment of web application directory [C:\Users\idipa\OneDrive\Desktop\apache-tomcat-9.0.104\webapps\manager] has finished in [83] ms
27-Apr-2025 13:00:05.631 INFO [main] org.apache.catalina.startup.HostConfig.deployDirectory Deploying web application directory [C:\Users\idipa\OneDrive\Desktop\apache-tomcat-9.0.104\webapps\ROOT]
27-Apr-2025 13:00:05.695 INFO [main] org.apache.catalina.startup.HostConfig.deployDirectory Deployment of web application directory [C:\Users\idipa\OneDrive\Desktop\apache-tomcat-9.0.104\webapps\ROOT] has finished in [63] ms
27-Apr-2025 13:00:05.703 INFO [main] org.apache.coyote.AbstractProtocol.start Starting ProtocolHandler ["http-nio-8002"]
27-Apr-2025 13:00:05.770 INFO [main] org.apache.catalina.startup.Catalina.start Server startup in [2322] milliseconds
27-Apr-2025 13:00:55.412 INFO [main] org.apache.catalina.core.StandardServer.await A valid shutdown command was received via the shutdown port. Stopping the Server instance.
27-Apr-2025 13:00:55.413 INFO [main] org.apache.coyote.AbstractProtocol.pause Pausing ProtocolHandler ["http-nio-8002"]
27-Apr-2025 13:00:55.523 INFO [main] org.apache.catalina.core.StandardService.stopInternal Stopping service [Catalina]
27-Apr-2025 13:00:55.576 INFO [main] org.apache.coyote.AbstractProtocol.stop Stopping ProtocolHandler ["http-nio-8002"]
27-Apr-2025 13:00:55.631 INFO [main] org.apache.coyote.AbstractProtocol.destroy Destroying ProtocolHandler ["http-nio-8002"]
27-Apr-2025 13:15:20.638 INFO [main] org.apache.catalina.startup.VersionLoggerListener.log Server version name:   Apache Tomcat/9.0.104
27-Apr-2025 13:15:20.645 INFO [main] org.apache.catalina.startup.VersionLoggerListener.log Server built:          Apr 4 2025 12:32:55 UTC
27-Apr-2025 13:15:20.647 INFO [main] org.apache.catalina.startup.VersionLoggerListener.log Server version number: 9.0.104.0
27-Apr-2025 13:15:20.647 INFO [main] org.apache.catalina.startup.VersionLoggerListener.log OS Name:               Windows 10
27-Apr-2025 13:15:20.648 INFO [main] org.apache.catalina.startup.VersionLoggerListener.log OS Version:            10.0
27-Apr-2025 13:15:20.649 INFO [main] org.apache.catalina.startup.VersionLoggerListener.log Architecture:          amd64
27-Apr-2025 13:15:20.649 INFO [main] org.apache.catalina.startup.VersionLoggerListener.log Java Home:             C:\Java\jdk-19
27-Apr-2025 13:15:20.650 INFO [main] org.apache.catalina.startup.VersionLoggerListener.log JVM Version:           19+36-2238
27-Apr-2025 13:15:20.650 INFO [main] org.apache.catalina.startup.VersionLoggerListener.log JVM Vendor:            Oracle Corporation
27-Apr-2025 13:15:20.651 INFO [main] org.apache.catalina.startup.VersionLoggerListener.log CATALINA_BASE:         C:\Users\idipa\OneDrive\Desktop\apache-tomcat-9.0.104
27-Apr-2025 13:15:20.652 INFO [main] org.apache.catalina.startup.VersionLoggerListener.log CATALINA_HOME:         C:\Users\idipa\OneDrive\Desktop\apache-tomcat-9.0.104
27-Apr-2025 13:15:20.667 INFO [main] org.apache.catalina.startup.VersionLoggerListener.log Command line argument: --add-opens=java.base/java.lang=ALL-UNNAMED
27-Apr-2025 13:15:20.667 INFO [main] org.apache.catalina.startup.VersionLoggerListener.log Command line argument: --add-opens=java.base/java.lang.invoke=ALL-UNNAMED
27-Apr-2025 13:15:20.668 INFO [main] org.apache.catalina.startup.VersionLoggerListener.log Command line argument: --add-opens=java.base/java.lang.reflect=ALL-UNNAMED
27-Apr-2025 13:15:20.668 INFO [main] org.apache.catalina.startup.VersionLoggerListener.log Command line argument: --add-opens=java.base/java.io=ALL-UNNAMED
27-Apr-2025 13:15:20.670 INFO [main] org.apache.catalina.startup.VersionLoggerListener.log Command line argument: --add-opens=java.base/java.util=ALL-UNNAMED
27-Apr-2025 13:15:20.671 INFO [main] org.apache.catalina.startup.VersionLoggerListener.log Command line argument: --add-opens=java.base/java.util.concurrent=ALL-UNNAMED
27-Apr-2025 13:15:20.672 INFO [main] org.apache.catalina.startup.VersionLoggerListener.log Command line argument: --add-opens=java.rmi/sun.rmi.transport=ALL-UNNAMED
27-Apr-2025 13:15:20.676 INFO [main] org.apache.catalina.startup.VersionLoggerListener.log Command line argument: -Djava.util.logging.config.file=C:\Users\idipa\OneDrive\Desktop\apache-tomcat-9.0.104\conf\logging.properties
27-Apr-2025 13:15:20.677 INFO [main] org.apache.catalina.startup.VersionLoggerListener.log Command line argument: -Djava.util.logging.manager=org.apache.juli.ClassLoaderLogManager
27-Apr-2025 13:15:20.678 INFO [main] org.apache.catalina.startup.VersionLoggerListener.log Command line argument: -Djdk.tls.ephemeralDHKeySize=2048
27-Apr-2025 13:15:20.679 INFO [main] org.apache.catalina.startup.VersionLoggerListener.log Command line argument: -Djava.protocol.handler.pkgs=org.apache.catalina.webresources
27-Apr-2025 13:15:20.679 INFO [main] org.apache.catalina.startup.VersionLoggerListener.log Command line argument: -Dsun.io.useCanonCaches=false
27-Apr-2025 13:15:20.680 INFO [main] org.apache.catalina.startup.VersionLoggerListener.log Command line argument: -Dignore.endorsed.dirs=
27-Apr-2025 13:15:20.681 INFO [main] org.apache.catalina.startup.VersionLoggerListener.log Command line argument: -Dcatalina.base=C:\Users\idipa\OneDrive\Desktop\apache-tomcat-9.0.104
27-Apr-2025 13:15:20.682 INFO [main] org.apache.catalina.startup.VersionLoggerListener.log Command line argument: -Dcatalina.home=C:\Users\idipa\OneDrive\Desktop\apache-tomcat-9.0.104
27-Apr-2025 13:15:20.682 INFO [main] org.apache.catalina.startup.VersionLoggerListener.log Command line argument: -Djava.io.tmpdir=C:\Users\idipa\OneDrive\Desktop\apache-tomcat-9.0.104\temp
27-Apr-2025 13:15:20.688 INFO [main] org.apache.catalina.core.AprLifecycleListener.lifecycleEvent Loaded Apache Tomcat Native library [1.3.1] using APR version [1.7.4].
27-Apr-2025 13:15:20.688 INFO [main] org.apache.catalina.core.AprLifecycleListener.lifecycleEvent APR capabilities: IPv6 [true], sendfile [true], accept filters [false], random [true], UDS [true].
27-Apr-2025 13:15:20.689 INFO [main] org.apache.catalina.core.AprLifecycleListener.lifecycleEvent APR/OpenSSL configuration: useAprConnector [false], useOpenSSL [true]
27-Apr-2025 13:15:20.700 INFO [main] org.apache.catalina.core.AprLifecycleListener.initializeSSL OpenSSL successfully initialized [OpenSSL 3.0.14 4 Jun 2024]
27-Apr-2025 13:15:21.172 INFO [main] org.apache.coyote.AbstractProtocol.init Initializing ProtocolHandler ["http-nio-8002"]
27-Apr-2025 13:15:21.210 INFO [main] org.apache.catalina.startup.Catalina.load Server initialization in [851] milliseconds
27-Apr-2025 13:15:21.278 INFO [main] org.apache.catalina.core.StandardService.startInternal Starting service [Catalina]
27-Apr-2025 13:15:21.280 INFO [main] org.apache.catalina.core.StandardEngine.startInternal Starting Servlet engine: [Apache Tomcat/9.0.104]
27-Apr-2025 13:15:21.299 INFO [main] org.apache.catalina.startup.HostConfig.deployDirectory Deploying web application directory [C:\Users\idipa\OneDrive\Desktop\apache-tomcat-9.0.104\webapps\1112]
27-Apr-2025 13:15:21.846 INFO [main] org.apache.catalina.startup.HostConfig.deployDirectory Deployment of web application directory [C:\Users\idipa\OneDrive\Desktop\apache-tomcat-9.0.104\webapps\1112] has finished in [546] ms
27-Apr-2025 13:15:21.848 INFO [main] org.apache.catalina.startup.HostConfig.deployDirectory Deploying web application directory [C:\Users\idipa\OneDrive\Desktop\apache-tomcat-9.0.104\webapps\docs]
27-Apr-2025 13:15:21.923 INFO [main] org.apache.catalina.startup.HostConfig.deployDirectory Deployment of web application directory [C:\Users\idipa\OneDrive\Desktop\apache-tomcat-9.0.104\webapps\docs] has finished in [76] ms
27-Apr-2025 13:15:21.924 INFO [main] org.apache.catalina.startup.HostConfig.deployDirectory Deploying web application directory [C:\Users\idipa\OneDrive\Desktop\apache-tomcat-9.0.104\webapps\examples]
27-Apr-2025 13:15:22.687 INFO [main] org.apache.catalina.startup.HostConfig.deployDirectory Deployment of web application directory [C:\Users\idipa\OneDrive\Desktop\apache-tomcat-9.0.104\webapps\examples] has finished in [762] ms
27-Apr-2025 13:15:22.688 INFO [main] org.apache.catalina.startup.HostConfig.deployDirectory Deploying web application directory [C:\Users\idipa\OneDrive\Desktop\apache-tomcat-9.0.104\webapps\host-manager]
27-Apr-2025 13:15:22.753 INFO [main] org.apache.catalina.startup.HostConfig.deployDirectory Deployment of web application directory [C:\Users\idipa\OneDrive\Desktop\apache-tomcat-9.0.104\webapps\host-manager] has finished in [66] ms
27-Apr-2025 13:15:22.754 INFO [main] org.apache.catalina.startup.HostConfig.deployDirectory Deploying web application directory [C:\Users\idipa\OneDrive\Desktop\apache-tomcat-9.0.104\webapps\manager]
27-Apr-2025 13:15:22.821 INFO [main] org.apache.catalina.startup.HostConfig.deployDirectory Deployment of web application directory [C:\Users\idipa\OneDrive\Desktop\apache-tomcat-9.0.104\webapps\manager] has finished in [67] ms
27-Apr-2025 13:15:22.822 INFO [main] org.apache.catalina.startup.HostConfig.deployDirectory Deploying web application directory [C:\Users\idipa\OneDrive\Desktop\apache-tomcat-9.0.104\webapps\ROOT]
27-Apr-2025 13:15:22.874 INFO [main] org.apache.catalina.startup.HostConfig.deployDirectory Deployment of web application directory [C:\Users\idipa\OneDrive\Desktop\apache-tomcat-9.0.104\webapps\ROOT] has finished in [52] ms
27-Apr-2025 13:15:22.881 INFO [main] org.apache.coyote.AbstractProtocol.start Starting ProtocolHandler ["http-nio-8002"]
27-Apr-2025 13:15:22.929 INFO [main] org.apache.catalina.startup.Catalina.start Server startup in [1714] milliseconds
27-Apr-2025 13:18:11.253 INFO [main] org.apache.catalina.core.StandardServer.await A valid shutdown command was received via the shutdown port. Stopping the Server instance.
27-Apr-2025 13:18:11.255 INFO [main] org.apache.coyote.AbstractProtocol.pause Pausing ProtocolHandler ["http-nio-8002"]
27-Apr-2025 13:18:11.371 INFO [main] org.apache.catalina.core.StandardService.stopInternal Stopping service [Catalina]
27-Apr-2025 13:18:11.410 INFO [main] org.apache.coyote.AbstractProtocol.stop Stopping ProtocolHandler ["http-nio-8002"]
27-Apr-2025 13:18:11.416 INFO [main] org.apache.coyote.AbstractProtocol.destroy Destroying ProtocolHandler ["http-nio-8002"]
27-Apr-2025 14:11:47.409 INFO [main] org.apache.catalina.startup.VersionLoggerListener.log Server version name:   Apache Tomcat/9.0.104
27-Apr-2025 14:11:47.426 INFO [main] org.apache.catalina.startup.VersionLoggerListener.log Server built:          Apr 4 2025 12:32:55 UTC
27-Apr-2025 14:11:47.427 INFO [main] org.apache.catalina.startup.VersionLoggerListener.log Server version number: 9.0.104.0
27-Apr-2025 14:11:47.429 INFO [main] org.apache.catalina.startup.VersionLoggerListener.log OS Name:               Windows 10
27-Apr-2025 14:11:47.429 INFO [main] org.apache.catalina.startup.VersionLoggerListener.log OS Version:            10.0
27-Apr-2025 14:11:47.430 INFO [main] org.apache.catalina.startup.VersionLoggerListener.log Architecture:          amd64
27-Apr-2025 14:11:47.431 INFO [main] org.apache.catalina.startup.VersionLoggerListener.log Java Home:             C:\Java\jdk-19
27-Apr-2025 14:11:47.431 INFO [main] org.apache.catalina.startup.VersionLoggerListener.log JVM Version:           19+36-2238
27-Apr-2025 14:11:47.432 INFO [main] org.apache.catalina.startup.VersionLoggerListener.log JVM Vendor:            Oracle Corporation
27-Apr-2025 14:11:47.432 INFO [main] org.apache.catalina.startup.VersionLoggerListener.log CATALINA_BASE:         C:\Users\idipa\OneDrive\Desktop\apache-tomcat-9.0.104
27-Apr-2025 14:11:47.432 INFO [main] org.apache.catalina.startup.VersionLoggerListener.log CATALINA_HOME:         C:\Users\idipa\OneDrive\Desktop\apache-tomcat-9.0.104
27-Apr-2025 14:11:47.460 INFO [main] org.apache.catalina.startup.VersionLoggerListener.log Command line argument: --add-opens=java.base/java.lang=ALL-UNNAMED
27-Apr-2025 14:11:47.461 INFO [main] org.apache.catalina.startup.VersionLoggerListener.log Command line argument: --add-opens=java.base/java.lang.invoke=ALL-UNNAMED
27-Apr-2025 14:11:47.462 INFO [main] org.apache.catalina.startup.VersionLoggerListener.log Command line argument: --add-opens=java.base/java.lang.reflect=ALL-UNNAMED
27-Apr-2025 14:11:47.463 INFO [main] org.apache.catalina.startup.VersionLoggerListener.log Command line argument: --add-opens=java.base/java.io=ALL-UNNAMED
27-Apr-2025 14:11:47.465 INFO [main] org.apache.catalina.startup.VersionLoggerListener.log Command line argument: --add-opens=java.base/java.util=ALL-UNNAMED
27-Apr-2025 14:11:47.467 INFO [main] org.apache.catalina.startup.VersionLoggerListener.log Command line argument: --add-opens=java.base/java.util.concurrent=ALL-UNNAMED
27-Apr-2025 14:11:47.468 INFO [main] org.apache.catalina.startup.VersionLoggerListener.log Command line argument: --add-opens=java.rmi/sun.rmi.transport=ALL-UNNAMED
27-Apr-2025 14:11:47.472 INFO [main] org.apache.catalina.startup.VersionLoggerListener.log Command line argument: -Djava.util.logging.config.file=C:\Users\idipa\OneDrive\Desktop\apache-tomcat-9.0.104\conf\logging.properties
27-Apr-2025 14:11:47.474 INFO [main] org.apache.catalina.startup.VersionLoggerListener.log Command line argument: -Djava.util.logging.manager=org.apache.juli.ClassLoaderLogManager
27-Apr-2025 14:11:47.475 INFO [main] org.apache.catalina.startup.VersionLoggerListener.log Command line argument: -Djdk.tls.ephemeralDHKeySize=2048
27-Apr-2025 14:11:47.476 INFO [main] org.apache.catalina.startup.VersionLoggerListener.log Command line argument: -Djava.protocol.handler.pkgs=org.apache.catalina.webresources
27-Apr-2025 14:11:47.478 INFO [main] org.apache.catalina.startup.VersionLoggerListener.log Command line argument: -Dsun.io.useCanonCaches=false
27-Apr-2025 14:11:47.479 INFO [main] org.apache.catalina.startup.VersionLoggerListener.log Command line argument: -Dignore.endorsed.dirs=
27-Apr-2025 14:11:47.480 INFO [main] org.apache.catalina.startup.VersionLoggerListener.log Command line argument: -Dcatalina.base=C:\Users\idipa\OneDrive\Desktop\apache-tomcat-9.0.104
27-Apr-2025 14:11:47.485 INFO [main] org.apache.catalina.startup.VersionLoggerListener.log Command line argument: -Dcatalina.home=C:\Users\idipa\OneDrive\Desktop\apache-tomcat-9.0.104
27-Apr-2025 14:11:47.486 INFO [main] org.apache.catalina.startup.VersionLoggerListener.log Command line argument: -Djava.io.tmpdir=C:\Users\idipa\OneDrive\Desktop\apache-tomcat-9.0.104\temp
27-Apr-2025 14:11:47.495 INFO [main] org.apache.catalina.core.AprLifecycleListener.lifecycleEvent Loaded Apache Tomcat Native library [1.3.1] using APR version [1.7.4].
27-Apr-2025 14:11:47.498 INFO [main] org.apache.catalina.core.AprLifecycleListener.lifecycleEvent APR capabilities: IPv6 [true], sendfile [true], accept filters [false], random [true], UDS [true].
27-Apr-2025 14:11:47.499 INFO [main] org.apache.catalina.core.AprLifecycleListener.lifecycleEvent APR/OpenSSL configuration: useAprConnector [false], useOpenSSL [true]
27-Apr-2025 14:11:47.515 INFO [main] org.apache.catalina.core.AprLifecycleListener.initializeSSL OpenSSL successfully initialized [OpenSSL 3.0.14 4 Jun 2024]
27-Apr-2025 14:11:48.590 INFO [main] org.apache.coyote.AbstractProtocol.init Initializing ProtocolHandler ["http-nio-8002"]
27-Apr-2025 14:11:48.654 INFO [main] org.apache.catalina.startup.Catalina.load Server initialization in [1818] milliseconds
27-Apr-2025 14:11:48.868 INFO [main] org.apache.catalina.core.StandardService.startInternal Starting service [Catalina]
27-Apr-2025 14:11:48.869 INFO [main] org.apache.catalina.core.StandardEngine.startInternal Starting Servlet engine: [Apache Tomcat/9.0.104]
27-Apr-2025 14:11:48.895 INFO [main] org.apache.catalina.startup.HostConfig.deployDirectory Deploying web application directory [C:\Users\idipa\OneDrive\Desktop\apache-tomcat-9.0.104\webapps\1112]
27-Apr-2025 14:11:49.861 INFO [main] org.apache.catalina.startup.HostConfig.deployDirectory Deployment of web application directory [C:\Users\idipa\OneDrive\Desktop\apache-tomcat-9.0.104\webapps\1112] has finished in [964] ms
27-Apr-2025 14:11:49.867 INFO [main] org.apache.catalina.startup.HostConfig.deployDirectory Deploying web application directory [C:\Users\idipa\OneDrive\Desktop\apache-tomcat-9.0.104\webapps\docs]
27-Apr-2025 14:11:50.005 INFO [main] org.apache.catalina.startup.HostConfig.deployDirectory Deployment of web application directory [C:\Users\idipa\OneDrive\Desktop\apache-tomcat-9.0.104\webapps\docs] has finished in [137] ms
27-Apr-2025 14:11:50.006 INFO [main] org.apache.catalina.startup.HostConfig.deployDirectory Deploying web application directory [C:\Users\idipa\OneDrive\Desktop\apache-tomcat-9.0.104\webapps\examples]
27-Apr-2025 14:11:51.520 INFO [main] org.apache.catalina.startup.HostConfig.deployDirectory Deployment of web application directory [C:\Users\idipa\OneDrive\Desktop\apache-tomcat-9.0.104\webapps\examples] has finished in [1,514] ms
27-Apr-2025 14:11:51.522 INFO [main] org.apache.catalina.startup.HostConfig.deployDirectory Deploying web application directory [C:\Users\idipa\OneDrive\Desktop\apache-tomcat-9.0.104\webapps\host-manager]
27-Apr-2025 14:11:51.689 INFO [main] org.apache.catalina.startup.HostConfig.deployDirectory Deployment of web application directory [C:\Users\idipa\OneDrive\Desktop\apache-tomcat-9.0.104\webapps\host-manager] has finished in [166] ms
27-Apr-2025 14:11:51.692 INFO [main] org.apache.catalina.startup.HostConfig.deployDirectory Deploying web application directory [C:\Users\idipa\OneDrive\Desktop\apache-tomcat-9.0.104\webapps\manager]
27-Apr-2025 14:11:51.857 INFO [main] org.apache.catalina.startup.HostConfig.deployDirectory Deployment of web application directory [C:\Users\idipa\OneDrive\Desktop\apache-tomcat-9.0.104\webapps\manager] has finished in [166] ms
27-Apr-2025 14:11:51.865 INFO [main] org.apache.catalina.startup.HostConfig.deployDirectory Deploying web application directory [C:\Users\idipa\OneDrive\Desktop\apache-tomcat-9.0.104\webapps\ROOT]
27-Apr-2025 14:11:51.973 INFO [main] org.apache.catalina.startup.HostConfig.deployDirectory Deployment of web application directory [C:\Users\idipa\OneDrive\Desktop\apache-tomcat-9.0.104\webapps\ROOT] has finished in [109] ms
27-Apr-2025 14:11:51.989 INFO [main] org.apache.coyote.AbstractProtocol.start Starting ProtocolHandler ["http-nio-8002"]
27-Apr-2025 14:11:52.087 INFO [main] org.apache.catalina.startup.Catalina.start Server startup in [3426] milliseconds
27-Apr-2025 14:31:51.531 INFO [main] org.apache.catalina.core.StandardServer.await A valid shutdown command was received via the shutdown port. Stopping the Server instance.
27-Apr-2025 14:31:51.534 INFO [main] org.apache.coyote.AbstractProtocol.pause Pausing ProtocolHandler ["http-nio-8002"]
27-Apr-2025 14:31:51.741 INFO [main] org.apache.catalina.core.StandardService.stopInternal Stopping service [Catalina]
27-Apr-2025 14:31:51.817 INFO [main] org.apache.coyote.AbstractProtocol.stop Stopping ProtocolHandler ["http-nio-8002"]
27-Apr-2025 14:31:51.838 INFO [main] org.apache.coyote.AbstractProtocol.destroy Destroying ProtocolHandler ["http-nio-8002"]
27-Apr-2025 14:33:28.431 INFO [main] org.apache.catalina.startup.VersionLoggerListener.log Server version name:   Apache Tomcat/9.0.104
27-Apr-2025 14:33:28.444 INFO [main] org.apache.catalina.startup.VersionLoggerListener.log Server built:          Apr 4 2025 12:32:55 UTC
27-Apr-2025 14:33:28.447 INFO [main] org.apache.catalina.startup.VersionLoggerListener.log Server version number: 9.0.104.0
27-Apr-2025 14:33:28.448 INFO [main] org.apache.catalina.startup.VersionLoggerListener.log OS Name:               Windows 10
27-Apr-2025 14:33:28.449 INFO [main] org.apache.catalina.startup.VersionLoggerListener.log OS Version:            10.0
27-Apr-2025 14:33:28.450 INFO [main] org.apache.catalina.startup.VersionLoggerListener.log Architecture:          amd64
27-Apr-2025 14:33:28.451 INFO [main] org.apache.catalina.startup.VersionLoggerListener.log Java Home:             C:\Java\jdk-19
27-Apr-2025 14:33:28.452 INFO [main] org.apache.catalina.startup.VersionLoggerListener.log JVM Version:           19+36-2238
27-Apr-2025 14:33:28.453 INFO [main] org.apache.catalina.startup.VersionLoggerListener.log JVM Vendor:            Oracle Corporation
27-Apr-2025 14:33:28.455 INFO [main] org.apache.catalina.startup.VersionLoggerListener.log CATALINA_BASE:         C:\Users\idipa\OneDrive\Desktop\apache-tomcat-9.0.104
27-Apr-2025 14:33:28.455 INFO [main] org.apache.catalina.startup.VersionLoggerListener.log CATALINA_HOME:         C:\Users\idipa\OneDrive\Desktop\apache-tomcat-9.0.104
27-Apr-2025 14:33:28.480 INFO [main] org.apache.catalina.startup.VersionLoggerListener.log Command line argument: --add-opens=java.base/java.lang=ALL-UNNAMED
27-Apr-2025 14:33:28.481 INFO [main] org.apache.catalina.startup.VersionLoggerListener.log Command line argument: --add-opens=java.base/java.lang.invoke=ALL-UNNAMED
27-Apr-2025 14:33:28.482 INFO [main] org.apache.catalina.startup.VersionLoggerListener.log Command line argument: --add-opens=java.base/java.lang.reflect=ALL-UNNAMED
27-Apr-2025 14:33:28.482 INFO [main] org.apache.catalina.startup.VersionLoggerListener.log Command line argument: --add-opens=java.base/java.io=ALL-UNNAMED
27-Apr-2025 14:33:28.484 INFO [main] org.apache.catalina.startup.VersionLoggerListener.log Command line argument: --add-opens=java.base/java.util=ALL-UNNAMED
27-Apr-2025 14:33:28.487 INFO [main] org.apache.catalina.startup.VersionLoggerListener.log Command line argument: --add-opens=java.base/java.util.concurrent=ALL-UNNAMED
27-Apr-2025 14:33:28.487 INFO [main] org.apache.catalina.startup.VersionLoggerListener.log Command line argument: --add-opens=java.rmi/sun.rmi.transport=ALL-UNNAMED
27-Apr-2025 14:33:28.489 INFO [main] org.apache.catalina.startup.VersionLoggerListener.log Command line argument: -Djava.util.logging.config.file=C:\Users\idipa\OneDrive\Desktop\apache-tomcat-9.0.104\conf\logging.properties
27-Apr-2025 14:33:28.495 INFO [main] org.apache.catalina.startup.VersionLoggerListener.log Command line argument: -Djava.util.logging.manager=org.apache.juli.ClassLoaderLogManager
27-Apr-2025 14:33:28.496 INFO [main] org.apache.catalina.startup.VersionLoggerListener.log Command line argument: -Djdk.tls.ephemeralDHKeySize=2048
27-Apr-2025 14:33:28.498 INFO [main] org.apache.catalina.startup.VersionLoggerListener.log Command line argument: -Djava.protocol.handler.pkgs=org.apache.catalina.webresources
27-Apr-2025 14:33:28.501 INFO [main] org.apache.catalina.startup.VersionLoggerListener.log Command line argument: -Dsun.io.useCanonCaches=false
27-Apr-2025 14:33:28.502 INFO [main] org.apache.catalina.startup.VersionLoggerListener.log Command line argument: -Dignore.endorsed.dirs=
27-Apr-2025 14:33:28.503 INFO [main] org.apache.catalina.startup.VersionLoggerListener.log Command line argument: -Dcatalina.base=C:\Users\idipa\OneDrive\Desktop\apache-tomcat-9.0.104
27-Apr-2025 14:33:28.504 INFO [main] org.apache.catalina.startup.VersionLoggerListener.log Command line argument: -Dcatalina.home=C:\Users\idipa\OneDrive\Desktop\apache-tomcat-9.0.104
27-Apr-2025 14:33:28.505 INFO [main] org.apache.catalina.startup.VersionLoggerListener.log Command line argument: -Djava.io.tmpdir=C:\Users\idipa\OneDrive\Desktop\apache-tomcat-9.0.104\temp
27-Apr-2025 14:33:28.515 INFO [main] org.apache.catalina.core.AprLifecycleListener.lifecycleEvent Loaded Apache Tomcat Native library [1.3.1] using APR version [1.7.4].
27-Apr-2025 14:33:28.516 INFO [main] org.apache.catalina.core.AprLifecycleListener.lifecycleEvent APR capabilities: IPv6 [true], sendfile [true], accept filters [false], random [true], UDS [true].
27-Apr-2025 14:33:28.517 INFO [main] org.apache.catalina.core.AprLifecycleListener.lifecycleEvent APR/OpenSSL configuration: useAprConnector [false], useOpenSSL [true]
27-Apr-2025 14:33:28.533 INFO [main] org.apache.catalina.core.AprLifecycleListener.initializeSSL OpenSSL successfully initialized [OpenSSL 3.0.14 4 Jun 2024]
27-Apr-2025 14:33:29.343 INFO [main] org.apache.coyote.AbstractProtocol.init Initializing ProtocolHandler ["http-nio-8002"]
27-Apr-2025 14:33:29.408 INFO [main] org.apache.catalina.startup.Catalina.load Server initialization in [1479] milliseconds
27-Apr-2025 14:33:29.541 INFO [main] org.apache.catalina.core.StandardService.startInternal Starting service [Catalina]
27-Apr-2025 14:33:29.542 INFO [main] org.apache.catalina.core.StandardEngine.startInternal Starting Servlet engine: [Apache Tomcat/9.0.104]
27-Apr-2025 14:33:29.571 INFO [main] org.apache.catalina.startup.HostConfig.deployDirectory Deploying web application directory [C:\Users\idipa\OneDrive\Desktop\apache-tomcat-9.0.104\webapps\1112]
27-Apr-2025 14:33:30.503 INFO [main] org.apache.catalina.startup.HostConfig.deployDirectory Deployment of web application directory [C:\Users\idipa\OneDrive\Desktop\apache-tomcat-9.0.104\webapps\1112] has finished in [931] ms
27-Apr-2025 14:33:30.506 INFO [main] org.apache.catalina.startup.HostConfig.deployDirectory Deploying web application directory [C:\Users\idipa\OneDrive\Desktop\apache-tomcat-9.0.104\webapps\docs]
27-Apr-2025 14:33:30.626 INFO [main] org.apache.catalina.startup.HostConfig.deployDirectory Deployment of web application directory [C:\Users\idipa\OneDrive\Desktop\apache-tomcat-9.0.104\webapps\docs] has finished in [120] ms
27-Apr-2025 14:33:30.628 INFO [main] org.apache.catalina.startup.HostConfig.deployDirectory Deploying web application directory [C:\Users\idipa\OneDrive\Desktop\apache-tomcat-9.0.104\webapps\examples]
27-Apr-2025 14:33:32.231 INFO [main] org.apache.catalina.startup.HostConfig.deployDirectory Deployment of web application directory [C:\Users\idipa\OneDrive\Desktop\apache-tomcat-9.0.104\webapps\examples] has finished in [1,603] ms
27-Apr-2025 14:33:32.232 INFO [main] org.apache.catalina.startup.HostConfig.deployDirectory Deploying web application directory [C:\Users\idipa\OneDrive\Desktop\apache-tomcat-9.0.104\webapps\host-manager]
27-Apr-2025 14:33:32.390 INFO [main] org.apache.catalina.startup.HostConfig.deployDirectory Deployment of web application directory [C:\Users\idipa\OneDrive\Desktop\apache-tomcat-9.0.104\webapps\host-manager] has finished in [157] ms
27-Apr-2025 14:33:32.392 INFO [main] org.apache.catalina.startup.HostConfig.deployDirectory Deploying web application directory [C:\Users\idipa\OneDrive\Desktop\apache-tomcat-9.0.104\webapps\manager]
27-Apr-2025 14:33:32.584 INFO [main] org.apache.catalina.startup.HostConfig.deployDirectory Deployment of web application directory [C:\Users\idipa\OneDrive\Desktop\apache-tomcat-9.0.104\webapps\manager] has finished in [192] ms
27-Apr-2025 14:33:32.589 INFO [main] org.apache.catalina.startup.HostConfig.deployDirectory Deploying web application directory [C:\Users\idipa\OneDrive\Desktop\apache-tomcat-9.0.104\webapps\ROOT]
27-Apr-2025 14:33:32.688 INFO [main] org.apache.catalina.startup.HostConfig.deployDirectory Deployment of web application directory [C:\Users\idipa\OneDrive\Desktop\apache-tomcat-9.0.104\webapps\ROOT] has finished in [99] ms
27-Apr-2025 14:33:32.701 INFO [main] org.apache.coyote.AbstractProtocol.start Starting ProtocolHandler ["http-nio-8002"]
27-Apr-2025 14:33:32.795 INFO [main] org.apache.catalina.startup.Catalina.start Server startup in [3380] milliseconds
27-Apr-2025 14:35:10.941 INFO [main] org.apache.catalina.core.StandardServer.await A valid shutdown command was received via the shutdown port. Stopping the Server instance.
27-Apr-2025 14:35:10.943 INFO [main] org.apache.coyote.AbstractProtocol.pause Pausing ProtocolHandler ["http-nio-8002"]
27-Apr-2025 14:35:11.129 INFO [main] org.apache.catalina.core.StandardService.stopInternal Stopping service [Catalina]
27-Apr-2025 14:35:11.176 INFO [main] org.apache.catalina.core.StandardWrapper.unload Waiting for [1] instance(s) to be deallocated for Servlet [StockPriceSSE]
27-Apr-2025 14:35:12.282 INFO [main] org.apache.catalina.core.StandardWrapper.unload Waiting for [1] instance(s) to be deallocated for Servlet [StockPriceSSE]
27-Apr-2025 14:35:13.387 INFO [main] org.apache.catalina.core.StandardWrapper.unload Waiting for [1] instance(s) to be deallocated for Servlet [StockPriceSSE]
27-Apr-2025 14:35:13.503 WARNING [main] org.apache.catalina.loader.WebappClassLoaderBase.clearReferencesThreads The web application [1112] is still processing a request that has yet to finish. This is very likely to create a memory leak. You can control the time allowed for requests to finish by using the unloadDelay attribute of the standard Context implementation. Stack trace of request processing thread:[
 java.base/java.lang.Thread.sleep0(Native Method)
 java.base/java.lang.Thread.sleep(Thread.java:465)
 StockPriceSSE.doGet(StockPriceSSE.java:37)
 javax.servlet.http.HttpServlet.service(HttpServlet.java:529)
 javax.servlet.http.HttpServlet.service(HttpServlet.java:623)
 org.apache.catalina.core.ApplicationFilterChain.internalDoFilter(ApplicationFilterChain.java:199)
 org.apache.catalina.core.ApplicationFilterChain.doFilter(ApplicationFilterChain.java:144)
 org.apache.tomcat.websocket.server.WsFilter.doFilter(WsFilter.java:51)
 org.apache.catalina.core.ApplicationFilterChain.internalDoFilter(ApplicationFilterChain.java:168)
 org.apache.catalina.core.ApplicationFilterChain.doFilter(ApplicationFilterChain.java:144)
 org.apache.catalina.core.StandardWrapperValve.invoke(StandardWrapperValve.java:168)
 org.apache.catalina.core.StandardContextValve.invoke(StandardContextValve.java:90)
 org.apache.catalina.authenticator.AuthenticatorBase.invoke(AuthenticatorBase.java:482)
 org.apache.catalina.core.StandardHostValve.invoke(StandardHostValve.java:130)
 org.apache.catalina.valves.ErrorReportValve.invoke(ErrorReportValve.java:93)
 org.apache.catalina.valves.AbstractAccessLogValve.invoke(AbstractAccessLogValve.java:656)
 org.apache.catalina.core.StandardEngineValve.invoke(StandardEngineValve.java:74)
 org.apache.catalina.connector.CoyoteAdapter.service(CoyoteAdapter.java:346)
 org.apache.coyote.http11.Http11Processor.service(Http11Processor.java:397)
 org.apache.coyote.AbstractProcessorLight.process(AbstractProcessorLight.java:63)
 org.apache.coyote.AbstractProtocol$ConnectionHandler.process(AbstractProtocol.java:935)
 org.apache.tomcat.util.net.NioEndpoint$SocketProcessor.doRun(NioEndpoint.java:1792)
 org.apache.tomcat.util.net.SocketProcessorBase.run(SocketProcessorBase.java:52)
 org.apache.tomcat.util.threads.ThreadPoolExecutor.runWorker(ThreadPoolExecutor.java:1189)
 org.apache.tomcat.util.threads.ThreadPoolExecutor$Worker.run(ThreadPoolExecutor.java:658)
 org.apache.tomcat.util.threads.TaskThread$WrappingRunnable.run(TaskThread.java:63)
 java.base/java.lang.Thread.run(Thread.java:1589)]
27-Apr-2025 14:35:13.528 INFO [main] org.apache.coyote.AbstractProtocol.stop Stopping ProtocolHandler ["http-nio-8002"]
27-Apr-2025 14:35:18.535 WARNING [main] org.apache.tomcat.util.net.AbstractEndpoint.shutdownExecutor The executor associated with thread pool [http-nio-8002] has not fully shutdown. Some application threads may still be running.
27-Apr-2025 14:35:18.546 INFO [main] org.apache.coyote.AbstractProtocol.destroy Destroying ProtocolHandler ["http-nio-8002"]
27-Apr-2025 16:18:45.104 INFO [main] org.apache.catalina.startup.VersionLoggerListener.log Server version name:   Apache Tomcat/9.0.104
27-Apr-2025 16:18:45.112 INFO [main] org.apache.catalina.startup.VersionLoggerListener.log Server built:          Apr 4 2025 12:32:55 UTC
27-Apr-2025 16:18:45.112 INFO [main] org.apache.catalina.startup.VersionLoggerListener.log Server version number: 9.0.104.0
27-Apr-2025 16:18:45.113 INFO [main] org.apache.catalina.startup.VersionLoggerListener.log OS Name:               Windows 10
27-Apr-2025 16:18:45.113 INFO [main] org.apache.catalina.startup.VersionLoggerListener.log OS Version:            10.0
27-Apr-2025 16:18:45.113 INFO [main] org.apache.catalina.startup.VersionLoggerListener.log Architecture:          amd64
27-Apr-2025 16:18:45.113 INFO [main] org.apache.catalina.startup.VersionLoggerListener.log Java Home:             C:\Java\jdk-19
27-Apr-2025 16:18:45.114 INFO [main] org.apache.catalina.startup.VersionLoggerListener.log JVM Version:           19+36-2238
27-Apr-2025 16:18:45.114 INFO [main] org.apache.catalina.startup.VersionLoggerListener.log JVM Vendor:            Oracle Corporation
27-Apr-2025 16:18:45.114 INFO [main] org.apache.catalina.startup.VersionLoggerListener.log CATALINA_BASE:         C:\Users\idipa\OneDrive\Desktop\apache-tomcat-9.0.104
27-Apr-2025 16:18:45.115 INFO [main] org.apache.catalina.startup.VersionLoggerListener.log CATALINA_HOME:         C:\Users\idipa\OneDrive\Desktop\apache-tomcat-9.0.104
27-Apr-2025 16:18:45.140 INFO [main] org.apache.catalina.startup.VersionLoggerListener.log Command line argument: --add-opens=java.base/java.lang=ALL-UNNAMED
27-Apr-2025 16:18:45.141 INFO [main] org.apache.catalina.startup.VersionLoggerListener.log Command line argument: --add-opens=java.base/java.lang.invoke=ALL-UNNAMED
27-Apr-2025 16:18:45.141 INFO [main] org.apache.catalina.startup.VersionLoggerListener.log Command line argument: --add-opens=java.base/java.lang.reflect=ALL-UNNAMED
27-Apr-2025 16:18:45.143 INFO [main] org.apache.catalina.startup.VersionLoggerListener.log Command line argument: --add-opens=java.base/java.io=ALL-UNNAMED
27-Apr-2025 16:18:45.144 INFO [main] org.apache.catalina.startup.VersionLoggerListener.log Command line argument: --add-opens=java.base/java.util=ALL-UNNAMED
27-Apr-2025 16:18:45.145 INFO [main] org.apache.catalina.startup.VersionLoggerListener.log Command line argument: --add-opens=java.base/java.util.concurrent=ALL-UNNAMED
27-Apr-2025 16:18:45.145 INFO [main] org.apache.catalina.startup.VersionLoggerListener.log Command line argument: --add-opens=java.rmi/sun.rmi.transport=ALL-UNNAMED
27-Apr-2025 16:18:45.147 INFO [main] org.apache.catalina.startup.VersionLoggerListener.log Command line argument: -Djava.util.logging.config.file=C:\Users\idipa\OneDrive\Desktop\apache-tomcat-9.0.104\conf\logging.properties
27-Apr-2025 16:18:45.147 INFO [main] org.apache.catalina.startup.VersionLoggerListener.log Command line argument: -Djava.util.logging.manager=org.apache.juli.ClassLoaderLogManager
27-Apr-2025 16:18:45.148 INFO [main] org.apache.catalina.startup.VersionLoggerListener.log Command line argument: -Djdk.tls.ephemeralDHKeySize=2048
27-Apr-2025 16:18:45.149 INFO [main] org.apache.catalina.startup.VersionLoggerListener.log Command line argument: -Djava.protocol.handler.pkgs=org.apache.catalina.webresources
27-Apr-2025 16:18:45.149 INFO [main] org.apache.catalina.startup.VersionLoggerListener.log Command line argument: -Dsun.io.useCanonCaches=false
27-Apr-2025 16:18:45.150 INFO [main] org.apache.catalina.startup.VersionLoggerListener.log Command line argument: -Dignore.endorsed.dirs=
27-Apr-2025 16:18:45.151 INFO [main] org.apache.catalina.startup.VersionLoggerListener.log Command line argument: -Dcatalina.base=C:\Users\idipa\OneDrive\Desktop\apache-tomcat-9.0.104
27-Apr-2025 16:18:45.151 INFO [main] org.apache.catalina.startup.VersionLoggerListener.log Command line argument: -Dcatalina.home=C:\Users\idipa\OneDrive\Desktop\apache-tomcat-9.0.104
27-Apr-2025 16:18:45.152 INFO [main] org.apache.catalina.startup.VersionLoggerListener.log Command line argument: -Djava.io.tmpdir=C:\Users\idipa\OneDrive\Desktop\apache-tomcat-9.0.104\temp
27-Apr-2025 16:18:45.177 INFO [main] org.apache.catalina.core.AprLifecycleListener.lifecycleEvent Loaded Apache Tomcat Native library [1.3.1] using APR version [1.7.4].
27-Apr-2025 16:18:45.178 INFO [main] org.apache.catalina.core.AprLifecycleListener.lifecycleEvent APR capabilities: IPv6 [true], sendfile [true], accept filters [false], random [true], UDS [true].
27-Apr-2025 16:18:45.179 INFO [main] org.apache.catalina.core.AprLifecycleListener.lifecycleEvent APR/OpenSSL configuration: useAprConnector [false], useOpenSSL [true]
27-Apr-2025 16:18:45.198 INFO [main] org.apache.catalina.core.AprLifecycleListener.initializeSSL OpenSSL successfully initialized [OpenSSL 3.0.14 4 Jun 2024]
27-Apr-2025 16:18:45.757 INFO [main] org.apache.coyote.AbstractProtocol.init Initializing ProtocolHandler ["http-nio-8002"]
27-Apr-2025 16:18:45.814 INFO [main] org.apache.catalina.startup.Catalina.load Server initialization in [1014] milliseconds
27-Apr-2025 16:18:45.945 INFO [main] org.apache.catalina.core.StandardService.startInternal Starting service [Catalina]
27-Apr-2025 16:18:45.948 INFO [main] org.apache.catalina.core.StandardEngine.startInternal Starting Servlet engine: [Apache Tomcat/9.0.104]
27-Apr-2025 16:18:45.967 INFO [main] org.apache.catalina.startup.HostConfig.deployDirectory Deploying web application directory [C:\Users\idipa\OneDrive\Desktop\apache-tomcat-9.0.104\webapps\1112]
27-Apr-2025 16:18:47.562 INFO [main] org.apache.jasper.servlet.TldScanner.scanJars At least one JAR was scanned for TLDs yet contained no TLDs. Enable debug logging for this logger for a complete list of JARs that were scanned but no TLDs were found in them. Skipping unneeded JARs during scanning can improve startup time and JSP compilation time.
27-Apr-2025 16:18:47.712 INFO [main] org.apache.catalina.startup.HostConfig.deployDirectory Deployment of web application directory [C:\Users\idipa\OneDrive\Desktop\apache-tomcat-9.0.104\webapps\1112] has finished in [1,744] ms
27-Apr-2025 16:18:47.713 INFO [main] org.apache.catalina.startup.HostConfig.deployDirectory Deploying web application directory [C:\Users\idipa\OneDrive\Desktop\apache-tomcat-9.0.104\webapps\docs]
27-Apr-2025 16:18:48.296 INFO [main] org.apache.jasper.servlet.TldScanner.scanJars At least one JAR was scanned for TLDs yet contained no TLDs. Enable debug logging for this logger for a complete list of JARs that were scanned but no TLDs were found in them. Skipping unneeded JARs during scanning can improve startup time and JSP compilation time.
27-Apr-2025 16:18:48.308 INFO [main] org.apache.catalina.startup.HostConfig.deployDirectory Deployment of web application directory [C:\Users\idipa\OneDrive\Desktop\apache-tomcat-9.0.104\webapps\docs] has finished in [594] ms
27-Apr-2025 16:18:48.309 INFO [main] org.apache.catalina.startup.HostConfig.deployDirectory Deploying web application directory [C:\Users\idipa\OneDrive\Desktop\apache-tomcat-9.0.104\webapps\examples]
27-Apr-2025 16:18:49.864 INFO [main] org.apache.jasper.servlet.TldScanner.scanJars At least one JAR was scanned for TLDs yet contained no TLDs. Enable debug logging for this logger for a complete list of JARs that were scanned but no TLDs were found in them. Skipping unneeded JARs during scanning can improve startup time and JSP compilation time.
27-Apr-2025 16:18:49.939 INFO [main] org.apache.catalina.startup.HostConfig.deployDirectory Deployment of web application directory [C:\Users\idipa\OneDrive\Desktop\apache-tomcat-9.0.104\webapps\examples] has finished in [1,629] ms
27-Apr-2025 16:18:49.939 INFO [main] org.apache.catalina.startup.HostConfig.deployDirectory Deploying web application directory [C:\Users\idipa\OneDrive\Desktop\apache-tomcat-9.0.104\webapps\host-manager]
27-Apr-2025 16:18:50.651 INFO [main] org.apache.jasper.servlet.TldScanner.scanJars At least one JAR was scanned for TLDs yet contained no TLDs. Enable debug logging for this logger for a complete list of JARs that were scanned but no TLDs were found in them. Skipping unneeded JARs during scanning can improve startup time and JSP compilation time.
27-Apr-2025 16:18:50.673 INFO [main] org.apache.catalina.startup.HostConfig.deployDirectory Deployment of web application directory [C:\Users\idipa\OneDrive\Desktop\apache-tomcat-9.0.104\webapps\host-manager] has finished in [734] ms
27-Apr-2025 16:18:50.674 INFO [main] org.apache.catalina.startup.HostConfig.deployDirectory Deploying web application directory [C:\Users\idipa\OneDrive\Desktop\apache-tomcat-9.0.104\webapps\manager]
27-Apr-2025 16:18:51.196 INFO [main] org.apache.jasper.servlet.TldScanner.scanJars At least one JAR was scanned for TLDs yet contained no TLDs. Enable debug logging for this logger for a complete list of JARs that were scanned but no TLDs were found in them. Skipping unneeded JARs during scanning can improve startup time and JSP compilation time.
27-Apr-2025 16:18:51.205 INFO [main] org.apache.catalina.startup.HostConfig.deployDirectory Deployment of web application directory [C:\Users\idipa\OneDrive\Desktop\apache-tomcat-9.0.104\webapps\manager] has finished in [531] ms
27-Apr-2025 16:18:51.206 INFO [main] org.apache.catalina.startup.HostConfig.deployDirectory Deploying web application directory [C:\Users\idipa\OneDrive\Desktop\apache-tomcat-9.0.104\webapps\ROOT]
27-Apr-2025 16:18:51.744 INFO [main] org.apache.jasper.servlet.TldScanner.scanJars At least one JAR was scanned for TLDs yet contained no TLDs. Enable debug logging for this logger for a complete list of JARs that were scanned but no TLDs were found in them. Skipping unneeded JARs during scanning can improve startup time and JSP compilation time.
27-Apr-2025 16:18:51.758 INFO [main] org.apache.catalina.startup.HostConfig.deployDirectory Deployment of web application directory [C:\Users\idipa\OneDrive\Desktop\apache-tomcat-9.0.104\webapps\ROOT] has finished in [552] ms
27-Apr-2025 16:18:51.766 INFO [main] org.apache.coyote.AbstractProtocol.start Starting ProtocolHandler ["http-nio-8002"]
27-Apr-2025 16:18:51.837 INFO [main] org.apache.catalina.startup.Catalina.start Server startup in [6018] milliseconds
27-Apr-2025 16:21:42.088 INFO [Catalina-utility-2] org.apache.catalina.startup.HostConfig.reload Reloading context [/1112]
27-Apr-2025 16:21:42.089 INFO [Catalina-utility-2] org.apache.catalina.core.StandardContext.reload Reloading Context with name [/1112] has started
27-Apr-2025 16:21:42.094 INFO [Catalina-utility-2] org.apache.catalina.core.StandardWrapper.unload Waiting for [2] instance(s) to be deallocated for Servlet [StockPriceSSE]
27-Apr-2025 16:21:43.173 INFO [Catalina-utility-2] org.apache.catalina.core.StandardWrapper.unload Waiting for [2] instance(s) to be deallocated for Servlet [StockPriceSSE]
27-Apr-2025 16:21:44.253 INFO [Catalina-utility-2] org.apache.catalina.core.StandardWrapper.unload Waiting for [2] instance(s) to be deallocated for Servlet [StockPriceSSE]
27-Apr-2025 16:21:44.378 WARNING [Catalina-utility-2] org.apache.catalina.loader.WebappClassLoaderBase.clearReferencesThreads The web application [1112] is still processing a request that has yet to finish. This is very likely to create a memory leak. You can control the time allowed for requests to finish by using the unloadDelay attribute of the standard Context implementation. Stack trace of request processing thread:[
 java.base/java.lang.Thread.sleep0(Native Method)
 java.base/java.lang.Thread.sleep(Thread.java:465)
 StockPriceSSE.doGet(StockPriceSSE.java:37)
 javax.servlet.http.HttpServlet.service(HttpServlet.java:529)
 javax.servlet.http.HttpServlet.service(HttpServlet.java:623)
 org.apache.catalina.core.ApplicationFilterChain.internalDoFilter(ApplicationFilterChain.java:199)
 org.apache.catalina.core.ApplicationFilterChain.doFilter(ApplicationFilterChain.java:144)
 org.apache.tomcat.websocket.server.WsFilter.doFilter(WsFilter.java:51)
 org.apache.catalina.core.ApplicationFilterChain.internalDoFilter(ApplicationFilterChain.java:168)
 org.apache.catalina.core.ApplicationFilterChain.doFilter(ApplicationFilterChain.java:144)
 org.apache.catalina.core.StandardWrapperValve.invoke(StandardWrapperValve.java:168)
 org.apache.catalina.core.StandardContextValve.invoke(StandardContextValve.java:90)
 org.apache.catalina.authenticator.AuthenticatorBase.invoke(AuthenticatorBase.java:482)
 org.apache.catalina.core.StandardHostValve.invoke(StandardHostValve.java:130)
 org.apache.catalina.valves.ErrorReportValve.invoke(ErrorReportValve.java:93)
 org.apache.catalina.valves.AbstractAccessLogValve.invoke(AbstractAccessLogValve.java:656)
 org.apache.catalina.core.StandardEngineValve.invoke(StandardEngineValve.java:74)
 org.apache.catalina.connector.CoyoteAdapter.service(CoyoteAdapter.java:346)
 org.apache.coyote.http11.Http11Processor.service(Http11Processor.java:397)
 org.apache.coyote.AbstractProcessorLight.process(AbstractProcessorLight.java:63)
 org.apache.coyote.AbstractProtocol$ConnectionHandler.process(AbstractProtocol.java:935)
 org.apache.tomcat.util.net.NioEndpoint$SocketProcessor.doRun(NioEndpoint.java:1792)
 org.apache.tomcat.util.net.SocketProcessorBase.run(SocketProcessorBase.java:52)
 org.apache.tomcat.util.threads.ThreadPoolExecutor.runWorker(ThreadPoolExecutor.java:1189)
 org.apache.tomcat.util.threads.ThreadPoolExecutor$Worker.run(ThreadPoolExecutor.java:658)
 org.apache.tomcat.util.threads.TaskThread$WrappingRunnable.run(TaskThread.java:63)
 java.base/java.lang.Thread.run(Thread.java:1589)]
27-Apr-2025 16:21:44.380 WARNING [Catalina-utility-2] org.apache.catalina.loader.WebappClassLoaderBase.clearReferencesThreads The web application [1112] is still processing a request that has yet to finish. This is very likely to create a memory leak. You can control the time allowed for requests to finish by using the unloadDelay attribute of the standard Context implementation. Stack trace of request processing thread:[
 java.base/java.lang.Thread.sleep0(Native Method)
 java.base/java.lang.Thread.sleep(Thread.java:465)
 StockPriceSSE.doGet(StockPriceSSE.java:37)
 javax.servlet.http.HttpServlet.service(HttpServlet.java:529)
 javax.servlet.http.HttpServlet.service(HttpServlet.java:623)
 org.apache.catalina.core.ApplicationFilterChain.internalDoFilter(ApplicationFilterChain.java:199)
 org.apache.catalina.core.ApplicationFilterChain.doFilter(ApplicationFilterChain.java:144)
 org.apache.tomcat.websocket.server.WsFilter.doFilter(WsFilter.java:51)
 org.apache.catalina.core.ApplicationFilterChain.internalDoFilter(ApplicationFilterChain.java:168)
 org.apache.catalina.core.ApplicationFilterChain.doFilter(ApplicationFilterChain.java:144)
 org.apache.catalina.core.StandardWrapperValve.invoke(StandardWrapperValve.java:168)
 org.apache.catalina.core.StandardContextValve.invoke(StandardContextValve.java:90)
 org.apache.catalina.authenticator.AuthenticatorBase.invoke(AuthenticatorBase.java:482)
 org.apache.catalina.core.StandardHostValve.invoke(StandardHostValve.java:130)
 org.apache.catalina.valves.ErrorReportValve.invoke(ErrorReportValve.java:93)
 org.apache.catalina.valves.AbstractAccessLogValve.invoke(AbstractAccessLogValve.java:656)
 org.apache.catalina.core.StandardEngineValve.invoke(StandardEngineValve.java:74)
 org.apache.catalina.connector.CoyoteAdapter.service(CoyoteAdapter.java:346)
 org.apache.coyote.http11.Http11Processor.service(Http11Processor.java:397)
 org.apache.coyote.AbstractProcessorLight.process(AbstractProcessorLight.java:63)
 org.apache.coyote.AbstractProtocol$ConnectionHandler.process(AbstractProtocol.java:935)
 org.apache.tomcat.util.net.NioEndpoint$SocketProcessor.doRun(NioEndpoint.java:1792)
 org.apache.tomcat.util.net.SocketProcessorBase.run(SocketProcessorBase.java:52)
 org.apache.tomcat.util.threads.ThreadPoolExecutor.runWorker(ThreadPoolExecutor.java:1189)
 org.apache.tomcat.util.threads.ThreadPoolExecutor$Worker.run(ThreadPoolExecutor.java:658)
 org.apache.tomcat.util.threads.TaskThread$WrappingRunnable.run(TaskThread.java:63)
 java.base/java.lang.Thread.run(Thread.java:1589)]
27-Apr-2025 16:21:44.964 INFO [Catalina-utility-2] org.apache.jasper.servlet.TldScanner.scanJars At least one JAR was scanned for TLDs yet contained no TLDs. Enable debug logging for this logger for a complete list of JARs that were scanned but no TLDs were found in them. Skipping unneeded JARs during scanning can improve startup time and JSP compilation time.
27-Apr-2025 16:21:44.973 INFO [Catalina-utility-2] org.apache.catalina.core.StandardContext.reload Reloading Context with name [/1112] is completed
27-Apr-2025 16:21:45.436 INFO [main] org.apache.catalina.core.StandardServer.await A valid shutdown command was received via the shutdown port. Stopping the Server instance.
27-Apr-2025 16:21:45.437 INFO [main] org.apache.coyote.AbstractProtocol.pause Pausing ProtocolHandler ["http-nio-8002"]
27-Apr-2025 16:21:45.564 INFO [main] org.apache.catalina.core.StandardService.stopInternal Stopping service [Catalina]
27-Apr-2025 16:21:45.603 INFO [main] org.apache.coyote.AbstractProtocol.stop Stopping ProtocolHandler ["http-nio-8002"]
27-Apr-2025 16:21:50.037 INFO [main] org.apache.catalina.startup.VersionLoggerListener.log Server version name:   Apache Tomcat/9.0.104
27-Apr-2025 16:21:50.043 INFO [main] org.apache.catalina.startup.VersionLoggerListener.log Server built:          Apr 4 2025 12:32:55 UTC
27-Apr-2025 16:21:50.043 INFO [main] org.apache.catalina.startup.VersionLoggerListener.log Server version number: 9.0.104.0
27-Apr-2025 16:21:50.044 INFO [main] org.apache.catalina.startup.VersionLoggerListener.log OS Name:               Windows 10
27-Apr-2025 16:21:50.044 INFO [main] org.apache.catalina.startup.VersionLoggerListener.log OS Version:            10.0
27-Apr-2025 16:21:50.044 INFO [main] org.apache.catalina.startup.VersionLoggerListener.log Architecture:          amd64
27-Apr-2025 16:21:50.044 INFO [main] org.apache.catalina.startup.VersionLoggerListener.log Java Home:             C:\Java\jdk-19
27-Apr-2025 16:21:50.045 INFO [main] org.apache.catalina.startup.VersionLoggerListener.log JVM Version:           19+36-2238
27-Apr-2025 16:21:50.045 INFO [main] org.apache.catalina.startup.VersionLoggerListener.log JVM Vendor:            Oracle Corporation
27-Apr-2025 16:21:50.045 INFO [main] org.apache.catalina.startup.VersionLoggerListener.log CATALINA_BASE:         C:\Users\idipa\OneDrive\Desktop\apache-tomcat-9.0.104
27-Apr-2025 16:21:50.045 INFO [main] org.apache.catalina.startup.VersionLoggerListener.log CATALINA_HOME:         C:\Users\idipa\OneDrive\Desktop\apache-tomcat-9.0.104
27-Apr-2025 16:21:50.059 INFO [main] org.apache.catalina.startup.VersionLoggerListener.log Command line argument: --add-opens=java.base/java.lang=ALL-UNNAMED
27-Apr-2025 16:21:50.059 INFO [main] org.apache.catalina.startup.VersionLoggerListener.log Command line argument: --add-opens=java.base/java.lang.invoke=ALL-UNNAMED
27-Apr-2025 16:21:50.060 INFO [main] org.apache.catalina.startup.VersionLoggerListener.log Command line argument: --add-opens=java.base/java.lang.reflect=ALL-UNNAMED
27-Apr-2025 16:21:50.060 INFO [main] org.apache.catalina.startup.VersionLoggerListener.log Command line argument: --add-opens=java.base/java.io=ALL-UNNAMED
27-Apr-2025 16:21:50.061 INFO [main] org.apache.catalina.startup.VersionLoggerListener.log Command line argument: --add-opens=java.base/java.util=ALL-UNNAMED
27-Apr-2025 16:21:50.062 INFO [main] org.apache.catalina.startup.VersionLoggerListener.log Command line argument: --add-opens=java.base/java.util.concurrent=ALL-UNNAMED
27-Apr-2025 16:21:50.063 INFO [main] org.apache.catalina.startup.VersionLoggerListener.log Command line argument: --add-opens=java.rmi/sun.rmi.transport=ALL-UNNAMED
27-Apr-2025 16:21:50.064 INFO [main] org.apache.catalina.startup.VersionLoggerListener.log Command line argument: -Djava.util.logging.config.file=C:\Users\idipa\OneDrive\Desktop\apache-tomcat-9.0.104\conf\logging.properties
27-Apr-2025 16:21:50.069 INFO [main] org.apache.catalina.startup.VersionLoggerListener.log Command line argument: -Djava.util.logging.manager=org.apache.juli.ClassLoaderLogManager
27-Apr-2025 16:21:50.070 INFO [main] org.apache.catalina.startup.VersionLoggerListener.log Command line argument: -Djdk.tls.ephemeralDHKeySize=2048
27-Apr-2025 16:21:50.071 INFO [main] org.apache.catalina.startup.VersionLoggerListener.log Command line argument: -Djava.protocol.handler.pkgs=org.apache.catalina.webresources
27-Apr-2025 16:21:50.072 INFO [main] org.apache.catalina.startup.VersionLoggerListener.log Command line argument: -Dsun.io.useCanonCaches=false
27-Apr-2025 16:21:50.072 INFO [main] org.apache.catalina.startup.VersionLoggerListener.log Command line argument: -Dignore.endorsed.dirs=
27-Apr-2025 16:21:50.073 INFO [main] org.apache.catalina.startup.VersionLoggerListener.log Command line argument: -Dcatalina.base=C:\Users\idipa\OneDrive\Desktop\apache-tomcat-9.0.104
27-Apr-2025 16:21:50.074 INFO [main] org.apache.catalina.startup.VersionLoggerListener.log Command line argument: -Dcatalina.home=C:\Users\idipa\OneDrive\Desktop\apache-tomcat-9.0.104
27-Apr-2025 16:21:50.074 INFO [main] org.apache.catalina.startup.VersionLoggerListener.log Command line argument: -Djava.io.tmpdir=C:\Users\idipa\OneDrive\Desktop\apache-tomcat-9.0.104\temp
27-Apr-2025 16:21:50.080 INFO [main] org.apache.catalina.core.AprLifecycleListener.lifecycleEvent Loaded Apache Tomcat Native library [1.3.1] using APR version [1.7.4].
27-Apr-2025 16:21:50.082 INFO [main] org.apache.catalina.core.AprLifecycleListener.lifecycleEvent APR capabilities: IPv6 [true], sendfile [true], accept filters [false], random [true], UDS [true].
27-Apr-2025 16:21:50.082 INFO [main] org.apache.catalina.core.AprLifecycleListener.lifecycleEvent APR/OpenSSL configuration: useAprConnector [false], useOpenSSL [true]
27-Apr-2025 16:21:50.093 INFO [main] org.apache.catalina.core.AprLifecycleListener.initializeSSL OpenSSL successfully initialized [OpenSSL 3.0.14 4 Jun 2024]
27-Apr-2025 16:21:50.627 WARNING [main] org.apache.tomcat.util.net.AbstractEndpoint.shutdownExecutor The executor associated with thread pool [http-nio-8002] has not fully shutdown. Some application threads may still be running.
27-Apr-2025 16:21:50.645 INFO [main] org.apache.coyote.AbstractProtocol.destroy Destroying ProtocolHandler ["http-nio-8002"]
27-Apr-2025 16:21:50.646 INFO [main] org.apache.coyote.AbstractProtocol.init Initializing ProtocolHandler ["http-nio-8002"]
27-Apr-2025 16:21:50.730 INFO [main] org.apache.catalina.startup.Catalina.load Server initialization in [1082] milliseconds
27-Apr-2025 16:21:50.848 INFO [main] org.apache.catalina.core.StandardService.startInternal Starting service [Catalina]
27-Apr-2025 16:21:50.851 INFO [main] org.apache.catalina.core.StandardEngine.startInternal Starting Servlet engine: [Apache Tomcat/9.0.104]
27-Apr-2025 16:21:50.873 INFO [main] org.apache.catalina.startup.HostConfig.deployDirectory Deploying web application directory [C:\Users\idipa\OneDrive\Desktop\apache-tomcat-9.0.104\webapps\1112]
27-Apr-2025 16:21:52.474 INFO [main] org.apache.jasper.servlet.TldScanner.scanJars At least one JAR was scanned for TLDs yet contained no TLDs. Enable debug logging for this logger for a complete list of JARs that were scanned but no TLDs were found in them. Skipping unneeded JARs during scanning can improve startup time and JSP compilation time.
27-Apr-2025 16:21:52.650 INFO [main] org.apache.catalina.startup.HostConfig.deployDirectory Deployment of web application directory [C:\Users\idipa\OneDrive\Desktop\apache-tomcat-9.0.104\webapps\1112] has finished in [1,776] ms
27-Apr-2025 16:21:52.651 INFO [main] org.apache.catalina.startup.HostConfig.deployDirectory Deploying web application directory [C:\Users\idipa\OneDrive\Desktop\apache-tomcat-9.0.104\webapps\docs]
27-Apr-2025 16:21:53.237 INFO [main] org.apache.jasper.servlet.TldScanner.scanJars At least one JAR was scanned for TLDs yet contained no TLDs. Enable debug logging for this logger for a complete list of JARs that were scanned but no TLDs were found in them. Skipping unneeded JARs during scanning can improve startup time and JSP compilation time.
27-Apr-2025 16:21:53.248 INFO [main] org.apache.catalina.startup.HostConfig.deployDirectory Deployment of web application directory [C:\Users\idipa\OneDrive\Desktop\apache-tomcat-9.0.104\webapps\docs] has finished in [597] ms
27-Apr-2025 16:21:53.250 INFO [main] org.apache.catalina.startup.HostConfig.deployDirectory Deploying web application directory [C:\Users\idipa\OneDrive\Desktop\apache-tomcat-9.0.104\webapps\examples]
27-Apr-2025 16:21:55.149 INFO [main] org.apache.jasper.servlet.TldScanner.scanJars At least one JAR was scanned for TLDs yet contained no TLDs. Enable debug logging for this logger for a complete list of JARs that were scanned but no TLDs were found in them. Skipping unneeded JARs during scanning can improve startup time and JSP compilation time.
27-Apr-2025 16:21:55.255 INFO [main] org.apache.catalina.startup.HostConfig.deployDirectory Deployment of web application directory [C:\Users\idipa\OneDrive\Desktop\apache-tomcat-9.0.104\webapps\examples] has finished in [2,006] ms
27-Apr-2025 16:21:55.256 INFO [main] org.apache.catalina.startup.HostConfig.deployDirectory Deploying web application directory [C:\Users\idipa\OneDrive\Desktop\apache-tomcat-9.0.104\webapps\host-manager]
27-Apr-2025 16:21:55.884 INFO [main] org.apache.jasper.servlet.TldScanner.scanJars At least one JAR was scanned for TLDs yet contained no TLDs. Enable debug logging for this logger for a complete list of JARs that were scanned but no TLDs were found in them. Skipping unneeded JARs during scanning can improve startup time and JSP compilation time.
27-Apr-2025 16:21:55.903 INFO [main] org.apache.catalina.startup.HostConfig.deployDirectory Deployment of web application directory [C:\Users\idipa\OneDrive\Desktop\apache-tomcat-9.0.104\webapps\host-manager] has finished in [647] ms
27-Apr-2025 16:21:55.906 INFO [main] org.apache.catalina.startup.HostConfig.deployDirectory Deploying web application directory [C:\Users\idipa\OneDrive\Desktop\apache-tomcat-9.0.104\webapps\manager]
27-Apr-2025 16:21:56.452 INFO [main] org.apache.jasper.servlet.TldScanner.scanJars At least one JAR was scanned for TLDs yet contained no TLDs. Enable debug logging for this logger for a complete list of JARs that were scanned but no TLDs were found in them. Skipping unneeded JARs during scanning can improve startup time and JSP compilation time.
27-Apr-2025 16:21:56.461 INFO [main] org.apache.catalina.startup.HostConfig.deployDirectory Deployment of web application directory [C:\Users\idipa\OneDrive\Desktop\apache-tomcat-9.0.104\webapps\manager] has finished in [556] ms
27-Apr-2025 16:21:56.463 INFO [main] org.apache.catalina.startup.HostConfig.deployDirectory Deploying web application directory [C:\Users\idipa\OneDrive\Desktop\apache-tomcat-9.0.104\webapps\ROOT]
27-Apr-2025 16:21:56.927 INFO [main] org.apache.jasper.servlet.TldScanner.scanJars At least one JAR was scanned for TLDs yet contained no TLDs. Enable debug logging for this logger for a complete list of JARs that were scanned but no TLDs were found in them. Skipping unneeded JARs during scanning can improve startup time and JSP compilation time.
27-Apr-2025 16:21:56.933 INFO [main] org.apache.catalina.startup.HostConfig.deployDirectory Deployment of web application directory [C:\Users\idipa\OneDrive\Desktop\apache-tomcat-9.0.104\webapps\ROOT] has finished in [470] ms
27-Apr-2025 16:21:56.940 INFO [main] org.apache.coyote.AbstractProtocol.start Starting ProtocolHandler ["http-nio-8002"]
27-Apr-2025 16:21:56.990 INFO [main] org.apache.catalina.startup.Catalina.start Server startup in [6256] milliseconds
27-Apr-2025 16:22:50.660 INFO [main] org.apache.catalina.core.StandardServer.await A valid shutdown command was received via the shutdown port. Stopping the Server instance.
27-Apr-2025 16:22:50.661 INFO [main] org.apache.coyote.AbstractProtocol.pause Pausing ProtocolHandler ["http-nio-8002"]
27-Apr-2025 16:22:50.784 INFO [main] org.apache.catalina.core.StandardService.stopInternal Stopping service [Catalina]
27-Apr-2025 16:22:50.828 INFO [main] org.apache.coyote.AbstractProtocol.stop Stopping ProtocolHandler ["http-nio-8002"]
27-Apr-2025 16:22:50.835 INFO [main] org.apache.coyote.AbstractProtocol.destroy Destroying ProtocolHandler ["http-nio-8002"]
27-Apr-2025 16:23:38.403 INFO [main] org.apache.catalina.startup.VersionLoggerListener.log Server version name:   Apache Tomcat/9.0.104
27-Apr-2025 16:23:38.410 INFO [main] org.apache.catalina.startup.VersionLoggerListener.log Server built:          Apr 4 2025 12:32:55 UTC
27-Apr-2025 16:23:38.412 INFO [main] org.apache.catalina.startup.VersionLoggerListener.log Server version number: 9.0.104.0
27-Apr-2025 16:23:38.413 INFO [main] org.apache.catalina.startup.VersionLoggerListener.log OS Name:               Windows 10
27-Apr-2025 16:23:38.414 INFO [main] org.apache.catalina.startup.VersionLoggerListener.log OS Version:            10.0
27-Apr-2025 16:23:38.414 INFO [main] org.apache.catalina.startup.VersionLoggerListener.log Architecture:          amd64
27-Apr-2025 16:23:38.414 INFO [main] org.apache.catalina.startup.VersionLoggerListener.log Java Home:             C:\Java\jdk-19
27-Apr-2025 16:23:38.415 INFO [main] org.apache.catalina.startup.VersionLoggerListener.log JVM Version:           19+36-2238
27-Apr-2025 16:23:38.415 INFO [main] org.apache.catalina.startup.VersionLoggerListener.log JVM Vendor:            Oracle Corporation
27-Apr-2025 16:23:38.417 INFO [main] org.apache.catalina.startup.VersionLoggerListener.log CATALINA_BASE:         C:\Users\idipa\OneDrive\Desktop\apache-tomcat-9.0.104
27-Apr-2025 16:23:38.417 INFO [main] org.apache.catalina.startup.VersionLoggerListener.log CATALINA_HOME:         C:\Users\idipa\OneDrive\Desktop\apache-tomcat-9.0.104
27-Apr-2025 16:23:38.429 INFO [main] org.apache.catalina.startup.VersionLoggerListener.log Command line argument: --add-opens=java.base/java.lang=ALL-UNNAMED
27-Apr-2025 16:23:38.430 INFO [main] org.apache.catalina.startup.VersionLoggerListener.log Command line argument: --add-opens=java.base/java.lang.invoke=ALL-UNNAMED
27-Apr-2025 16:23:38.430 INFO [main] org.apache.catalina.startup.VersionLoggerListener.log Command line argument: --add-opens=java.base/java.lang.reflect=ALL-UNNAMED
27-Apr-2025 16:23:38.430 INFO [main] org.apache.catalina.startup.VersionLoggerListener.log Command line argument: --add-opens=java.base/java.io=ALL-UNNAMED
27-Apr-2025 16:23:38.431 INFO [main] org.apache.catalina.startup.VersionLoggerListener.log Command line argument: --add-opens=java.base/java.util=ALL-UNNAMED
27-Apr-2025 16:23:38.433 INFO [main] org.apache.catalina.startup.VersionLoggerListener.log Command line argument: --add-opens=java.base/java.util.concurrent=ALL-UNNAMED
27-Apr-2025 16:23:38.433 INFO [main] org.apache.catalina.startup.VersionLoggerListener.log Command line argument: --add-opens=java.rmi/sun.rmi.transport=ALL-UNNAMED
27-Apr-2025 16:23:38.435 INFO [main] org.apache.catalina.startup.VersionLoggerListener.log Command line argument: -Djava.util.logging.config.file=C:\Users\idipa\OneDrive\Desktop\apache-tomcat-9.0.104\conf\logging.properties
27-Apr-2025 16:23:38.436 INFO [main] org.apache.catalina.startup.VersionLoggerListener.log Command line argument: -Djava.util.logging.manager=org.apache.juli.ClassLoaderLogManager
27-Apr-2025 16:23:38.436 INFO [main] org.apache.catalina.startup.VersionLoggerListener.log Command line argument: -Djdk.tls.ephemeralDHKeySize=2048
27-Apr-2025 16:23:38.437 INFO [main] org.apache.catalina.startup.VersionLoggerListener.log Command line argument: -Djava.protocol.handler.pkgs=org.apache.catalina.webresources
27-Apr-2025 16:23:38.438 INFO [main] org.apache.catalina.startup.VersionLoggerListener.log Command line argument: -Dsun.io.useCanonCaches=false
27-Apr-2025 16:23:38.439 INFO [main] org.apache.catalina.startup.VersionLoggerListener.log Command line argument: -Dignore.endorsed.dirs=
27-Apr-2025 16:23:38.439 INFO [main] org.apache.catalina.startup.VersionLoggerListener.log Command line argument: -Dcatalina.base=C:\Users\idipa\OneDrive\Desktop\apache-tomcat-9.0.104
27-Apr-2025 16:23:38.440 INFO [main] org.apache.catalina.startup.VersionLoggerListener.log Command line argument: -Dcatalina.home=C:\Users\idipa\OneDrive\Desktop\apache-tomcat-9.0.104
27-Apr-2025 16:23:38.441 INFO [main] org.apache.catalina.startup.VersionLoggerListener.log Command line argument: -Djava.io.tmpdir=C:\Users\idipa\OneDrive\Desktop\apache-tomcat-9.0.104\temp
27-Apr-2025 16:23:38.448 INFO [main] org.apache.catalina.core.AprLifecycleListener.lifecycleEvent Loaded Apache Tomcat Native library [1.3.1] using APR version [1.7.4].
27-Apr-2025 16:23:38.448 INFO [main] org.apache.catalina.core.AprLifecycleListener.lifecycleEvent APR capabilities: IPv6 [true], sendfile [true], accept filters [false], random [true], UDS [true].
27-Apr-2025 16:23:38.449 INFO [main] org.apache.catalina.core.AprLifecycleListener.lifecycleEvent APR/OpenSSL configuration: useAprConnector [false], useOpenSSL [true]
27-Apr-2025 16:23:38.459 INFO [main] org.apache.catalina.core.AprLifecycleListener.initializeSSL OpenSSL successfully initialized [OpenSSL 3.0.14 4 Jun 2024]
27-Apr-2025 16:23:39.433 INFO [main] org.apache.coyote.AbstractProtocol.init Initializing ProtocolHandler ["http-nio-8002"]
27-Apr-2025 16:23:39.485 INFO [main] org.apache.catalina.startup.Catalina.load Server initialization in [1380] milliseconds
27-Apr-2025 16:23:39.571 INFO [main] org.apache.catalina.core.StandardService.startInternal Starting service [Catalina]
27-Apr-2025 16:23:39.572 INFO [main] org.apache.catalina.core.StandardEngine.startInternal Starting Servlet engine: [Apache Tomcat/9.0.104]
27-Apr-2025 16:23:39.590 INFO [main] org.apache.catalina.startup.HostConfig.deployDirectory Deploying web application directory [C:\Users\idipa\OneDrive\Desktop\apache-tomcat-9.0.104\webapps\1112]
27-Apr-2025 16:23:40.980 INFO [main] org.apache.jasper.servlet.TldScanner.scanJars At least one JAR was scanned for TLDs yet contained no TLDs. Enable debug logging for this logger for a complete list of JARs that were scanned but no TLDs were found in them. Skipping unneeded JARs during scanning can improve startup time and JSP compilation time.
27-Apr-2025 16:23:41.211 WARNING [main] org.apache.catalina.util.SessionIdGeneratorBase.createSecureRandom Creation of SecureRandom instance for session ID generation using [SHA1PRNG] took [114] milliseconds.
27-Apr-2025 16:23:41.480 INFO [main] org.apache.catalina.startup.HostConfig.deployDirectory Deployment of web application directory [C:\Users\idipa\OneDrive\Desktop\apache-tomcat-9.0.104\webapps\1112] has finished in [1,890] ms
27-Apr-2025 16:23:41.501 INFO [main] org.apache.catalina.startup.HostConfig.deployDirectory Deploying web application directory [C:\Users\idipa\OneDrive\Desktop\apache-tomcat-9.0.104\webapps\docs]
27-Apr-2025 16:23:42.351 INFO [main] org.apache.jasper.servlet.TldScanner.scanJars At least one JAR was scanned for TLDs yet contained no TLDs. Enable debug logging for this logger for a complete list of JARs that were scanned but no TLDs were found in them. Skipping unneeded JARs during scanning can improve startup time and JSP compilation time.
27-Apr-2025 16:23:42.359 INFO [main] org.apache.catalina.startup.HostConfig.deployDirectory Deployment of web application directory [C:\Users\idipa\OneDrive\Desktop\apache-tomcat-9.0.104\webapps\docs] has finished in [869] ms
27-Apr-2025 16:23:42.360 INFO [main] org.apache.catalina.startup.HostConfig.deployDirectory Deploying web application directory [C:\Users\idipa\OneDrive\Desktop\apache-tomcat-9.0.104\webapps\examples]
27-Apr-2025 16:23:44.472 INFO [main] org.apache.jasper.servlet.TldScanner.scanJars At least one JAR was scanned for TLDs yet contained no TLDs. Enable debug logging for this logger for a complete list of JARs that were scanned but no TLDs were found in them. Skipping unneeded JARs during scanning can improve startup time and JSP compilation time.
27-Apr-2025 16:23:44.574 INFO [main] org.apache.catalina.startup.HostConfig.deployDirectory Deployment of web application directory [C:\Users\idipa\OneDrive\Desktop\apache-tomcat-9.0.104\webapps\examples] has finished in [2,214] ms
27-Apr-2025 16:23:44.576 INFO [main] org.apache.catalina.startup.HostConfig.deployDirectory Deploying web application directory [C:\Users\idipa\OneDrive\Desktop\apache-tomcat-9.0.104\webapps\host-manager]
27-Apr-2025 16:23:45.322 INFO [main] org.apache.jasper.servlet.TldScanner.scanJars At least one JAR was scanned for TLDs yet contained no TLDs. Enable debug logging for this logger for a complete list of JARs that were scanned but no TLDs were found in them. Skipping unneeded JARs during scanning can improve startup time and JSP compilation time.
27-Apr-2025 16:23:45.344 INFO [main] org.apache.catalina.startup.HostConfig.deployDirectory Deployment of web application directory [C:\Users\idipa\OneDrive\Desktop\apache-tomcat-9.0.104\webapps\host-manager] has finished in [769] ms
27-Apr-2025 16:23:45.347 INFO [main] org.apache.catalina.startup.HostConfig.deployDirectory Deploying web application directory [C:\Users\idipa\OneDrive\Desktop\apache-tomcat-9.0.104\webapps\manager]
27-Apr-2025 16:23:46.292 INFO [main] org.apache.jasper.servlet.TldScanner.scanJars At least one JAR was scanned for TLDs yet contained no TLDs. Enable debug logging for this logger for a complete list of JARs that were scanned but no TLDs were found in them. Skipping unneeded JARs during scanning can improve startup time and JSP compilation time.
27-Apr-2025 16:23:46.342 INFO [main] org.apache.catalina.startup.HostConfig.deployDirectory Deployment of web application directory [C:\Users\idipa\OneDrive\Desktop\apache-tomcat-9.0.104\webapps\manager] has finished in [996] ms
27-Apr-2025 16:23:46.388 INFO [main] org.apache.catalina.startup.HostConfig.deployDirectory Deploying web application directory [C:\Users\idipa\OneDrive\Desktop\apache-tomcat-9.0.104\webapps\ROOT]
27-Apr-2025 16:23:47.328 INFO [main] org.apache.jasper.servlet.TldScanner.scanJars At least one JAR was scanned for TLDs yet contained no TLDs. Enable debug logging for this logger for a complete list of JARs that were scanned but no TLDs were found in them. Skipping unneeded JARs during scanning can improve startup time and JSP compilation time.
27-Apr-2025 16:23:47.345 INFO [main] org.apache.catalina.startup.HostConfig.deployDirectory Deployment of web application directory [C:\Users\idipa\OneDrive\Desktop\apache-tomcat-9.0.104\webapps\ROOT] has finished in [956] ms
27-Apr-2025 16:23:47.367 INFO [main] org.apache.coyote.AbstractProtocol.start Starting ProtocolHandler ["http-nio-8002"]
27-Apr-2025 16:23:47.486 INFO [main] org.apache.catalina.startup.Catalina.start Server startup in [7995] milliseconds
27-Apr-2025 16:35:05.260 INFO [main] org.apache.catalina.core.StandardServer.await A valid shutdown command was received via the shutdown port. Stopping the Server instance.
27-Apr-2025 16:35:05.261 INFO [main] org.apache.coyote.AbstractProtocol.pause Pausing ProtocolHandler ["http-nio-8002"]
27-Apr-2025 16:35:05.398 INFO [main] org.apache.catalina.core.StandardService.stopInternal Stopping service [Catalina]
27-Apr-2025 16:35:05.468 INFO [main] org.apache.coyote.AbstractProtocol.stop Stopping ProtocolHandler ["http-nio-8002"]
27-Apr-2025 16:35:05.488 INFO [main] org.apache.coyote.AbstractProtocol.destroy Destroying ProtocolHandler ["http-nio-8002"]
27-Apr-2025 16:36:15.060 INFO [main] org.apache.catalina.startup.VersionLoggerListener.log Server version name:   Apache Tomcat/9.0.104
27-Apr-2025 16:36:15.108 INFO [main] org.apache.catalina.startup.VersionLoggerListener.log Server built:          Apr 4 2025 12:32:55 UTC
27-Apr-2025 16:36:15.110 INFO [main] org.apache.catalina.startup.VersionLoggerListener.log Server version number: 9.0.104.0
27-Apr-2025 16:36:15.112 INFO [main] org.apache.catalina.startup.VersionLoggerListener.log OS Name:               Windows 10
27-Apr-2025 16:36:15.113 INFO [main] org.apache.catalina.startup.VersionLoggerListener.log OS Version:            10.0
27-Apr-2025 16:36:15.119 INFO [main] org.apache.catalina.startup.VersionLoggerListener.log Architecture:          amd64
27-Apr-2025 16:36:15.139 INFO [main] org.apache.catalina.startup.VersionLoggerListener.log Java Home:             C:\Java\jdk-19
27-Apr-2025 16:36:15.140 INFO [main] org.apache.catalina.startup.VersionLoggerListener.log JVM Version:           19+36-2238
27-Apr-2025 16:36:15.145 INFO [main] org.apache.catalina.startup.VersionLoggerListener.log JVM Vendor:            Oracle Corporation
27-Apr-2025 16:36:15.145 INFO [main] org.apache.catalina.startup.VersionLoggerListener.log CATALINA_BASE:         C:\Users\idipa\OneDrive\Desktop\apache-tomcat-9.0.104
27-Apr-2025 16:36:15.146 INFO [main] org.apache.catalina.startup.VersionLoggerListener.log CATALINA_HOME:         C:\Users\idipa\OneDrive\Desktop\apache-tomcat-9.0.104
27-Apr-2025 16:36:15.154 INFO [main] org.apache.catalina.startup.VersionLoggerListener.log Command line argument: --add-opens=java.base/java.lang=ALL-UNNAMED
27-Apr-2025 16:36:15.156 INFO [main] org.apache.catalina.startup.VersionLoggerListener.log Command line argument: --add-opens=java.base/java.lang.invoke=ALL-UNNAMED
27-Apr-2025 16:36:15.156 INFO [main] org.apache.catalina.startup.VersionLoggerListener.log Command line argument: --add-opens=java.base/java.lang.reflect=ALL-UNNAMED
27-Apr-2025 16:36:15.157 INFO [main] org.apache.catalina.startup.VersionLoggerListener.log Command line argument: --add-opens=java.base/java.io=ALL-UNNAMED
27-Apr-2025 16:36:15.161 INFO [main] org.apache.catalina.startup.VersionLoggerListener.log Command line argument: --add-opens=java.base/java.util=ALL-UNNAMED
27-Apr-2025 16:36:15.162 INFO [main] org.apache.catalina.startup.VersionLoggerListener.log Command line argument: --add-opens=java.base/java.util.concurrent=ALL-UNNAMED
27-Apr-2025 16:36:15.166 INFO [main] org.apache.catalina.startup.VersionLoggerListener.log Command line argument: --add-opens=java.rmi/sun.rmi.transport=ALL-UNNAMED
27-Apr-2025 16:36:15.168 INFO [main] org.apache.catalina.startup.VersionLoggerListener.log Command line argument: -Djava.util.logging.config.file=C:\Users\idipa\OneDrive\Desktop\apache-tomcat-9.0.104\conf\logging.properties
27-Apr-2025 16:36:15.178 INFO [main] org.apache.catalina.startup.VersionLoggerListener.log Command line argument: -Djava.util.logging.manager=org.apache.juli.ClassLoaderLogManager
27-Apr-2025 16:36:15.180 INFO [main] org.apache.catalina.startup.VersionLoggerListener.log Command line argument: -Djdk.tls.ephemeralDHKeySize=2048
27-Apr-2025 16:36:15.181 INFO [main] org.apache.catalina.startup.VersionLoggerListener.log Command line argument: -Djava.protocol.handler.pkgs=org.apache.catalina.webresources
27-Apr-2025 16:36:15.183 INFO [main] org.apache.catalina.startup.VersionLoggerListener.log Command line argument: -Dsun.io.useCanonCaches=false
27-Apr-2025 16:36:15.188 INFO [main] org.apache.catalina.startup.VersionLoggerListener.log Command line argument: -Dignore.endorsed.dirs=
27-Apr-2025 16:36:15.189 INFO [main] org.apache.catalina.startup.VersionLoggerListener.log Command line argument: -Dcatalina.base=C:\Users\idipa\OneDrive\Desktop\apache-tomcat-9.0.104
27-Apr-2025 16:36:15.192 INFO [main] org.apache.catalina.startup.VersionLoggerListener.log Command line argument: -Dcatalina.home=C:\Users\idipa\OneDrive\Desktop\apache-tomcat-9.0.104
27-Apr-2025 16:36:15.194 INFO [main] org.apache.catalina.startup.VersionLoggerListener.log Command line argument: -Djava.io.tmpdir=C:\Users\idipa\OneDrive\Desktop\apache-tomcat-9.0.104\temp
27-Apr-2025 16:36:15.207 INFO [main] org.apache.catalina.core.AprLifecycleListener.lifecycleEvent Loaded Apache Tomcat Native library [1.3.1] using APR version [1.7.4].
27-Apr-2025 16:36:15.209 INFO [main] org.apache.catalina.core.AprLifecycleListener.lifecycleEvent APR capabilities: IPv6 [true], sendfile [true], accept filters [false], random [true], UDS [true].
27-Apr-2025 16:36:15.211 INFO [main] org.apache.catalina.core.AprLifecycleListener.lifecycleEvent APR/OpenSSL configuration: useAprConnector [false], useOpenSSL [true]
27-Apr-2025 16:36:15.234 INFO [main] org.apache.catalina.core.AprLifecycleListener.initializeSSL OpenSSL successfully initialized [OpenSSL 3.0.14 4 Jun 2024]
27-Apr-2025 16:36:16.133 INFO [main] org.apache.coyote.AbstractProtocol.init Initializing ProtocolHandler ["http-nio-8002"]
27-Apr-2025 16:36:16.192 INFO [main] org.apache.catalina.startup.Catalina.load Server initialization in [1619] milliseconds
27-Apr-2025 16:36:16.297 INFO [main] org.apache.catalina.core.StandardService.startInternal Starting service [Catalina]
27-Apr-2025 16:36:16.299 INFO [main] org.apache.catalina.core.StandardEngine.startInternal Starting Servlet engine: [Apache Tomcat/9.0.104]
27-Apr-2025 16:36:16.329 INFO [main] org.apache.catalina.startup.HostConfig.deployDirectory Deploying web application directory [C:\Users\idipa\OneDrive\Desktop\apache-tomcat-9.0.104\webapps\1112]
27-Apr-2025 16:36:17.819 INFO [main] org.apache.jasper.servlet.TldScanner.scanJars At least one JAR was scanned for TLDs yet contained no TLDs. Enable debug logging for this logger for a complete list of JARs that were scanned but no TLDs were found in them. Skipping unneeded JARs during scanning can improve startup time and JSP compilation time.
27-Apr-2025 16:36:17.998 INFO [main] org.apache.catalina.startup.HostConfig.deployDirectory Deployment of web application directory [C:\Users\idipa\OneDrive\Desktop\apache-tomcat-9.0.104\webapps\1112] has finished in [1,668] ms
27-Apr-2025 16:36:18.001 INFO [main] org.apache.catalina.startup.HostConfig.deployDirectory Deploying web application directory [C:\Users\idipa\OneDrive\Desktop\apache-tomcat-9.0.104\webapps\docs]
27-Apr-2025 16:36:18.714 INFO [main] org.apache.jasper.servlet.TldScanner.scanJars At least one JAR was scanned for TLDs yet contained no TLDs. Enable debug logging for this logger for a complete list of JARs that were scanned but no TLDs were found in them. Skipping unneeded JARs during scanning can improve startup time and JSP compilation time.
27-Apr-2025 16:36:18.727 INFO [main] org.apache.catalina.startup.HostConfig.deployDirectory Deployment of web application directory [C:\Users\idipa\OneDrive\Desktop\apache-tomcat-9.0.104\webapps\docs] has finished in [726] ms
27-Apr-2025 16:36:18.728 INFO [main] org.apache.catalina.startup.HostConfig.deployDirectory Deploying web application directory [C:\Users\idipa\OneDrive\Desktop\apache-tomcat-9.0.104\webapps\examples]
27-Apr-2025 16:36:20.342 INFO [main] org.apache.jasper.servlet.TldScanner.scanJars At least one JAR was scanned for TLDs yet contained no TLDs. Enable debug logging for this logger for a complete list of JARs that were scanned but no TLDs were found in them. Skipping unneeded JARs during scanning can improve startup time and JSP compilation time.
27-Apr-2025 16:36:20.467 INFO [main] org.apache.catalina.startup.HostConfig.deployDirectory Deployment of web application directory [C:\Users\idipa\OneDrive\Desktop\apache-tomcat-9.0.104\webapps\examples] has finished in [1,738] ms
27-Apr-2025 16:36:20.469 INFO [main] org.apache.catalina.startup.HostConfig.deployDirectory Deploying web application directory [C:\Users\idipa\OneDrive\Desktop\apache-tomcat-9.0.104\webapps\host-manager]
27-Apr-2025 16:36:21.187 INFO [main] org.apache.jasper.servlet.TldScanner.scanJars At least one JAR was scanned for TLDs yet contained no TLDs. Enable debug logging for this logger for a complete list of JARs that were scanned but no TLDs were found in them. Skipping unneeded JARs during scanning can improve startup time and JSP compilation time.
27-Apr-2025 16:36:21.207 INFO [main] org.apache.catalina.startup.HostConfig.deployDirectory Deployment of web application directory [C:\Users\idipa\OneDrive\Desktop\apache-tomcat-9.0.104\webapps\host-manager] has finished in [737] ms
27-Apr-2025 16:36:21.208 INFO [main] org.apache.catalina.startup.HostConfig.deployDirectory Deploying web application directory [C:\Users\idipa\OneDrive\Desktop\apache-tomcat-9.0.104\webapps\manager]
27-Apr-2025 16:36:21.823 INFO [main] org.apache.jasper.servlet.TldScanner.scanJars At least one JAR was scanned for TLDs yet contained no TLDs. Enable debug logging for this logger for a complete list of JARs that were scanned but no TLDs were found in them. Skipping unneeded JARs during scanning can improve startup time and JSP compilation time.
27-Apr-2025 16:36:21.832 INFO [main] org.apache.catalina.startup.HostConfig.deployDirectory Deployment of web application directory [C:\Users\idipa\OneDrive\Desktop\apache-tomcat-9.0.104\webapps\manager] has finished in [624] ms
27-Apr-2025 16:36:21.834 INFO [main] org.apache.catalina.startup.HostConfig.deployDirectory Deploying web application directory [C:\Users\idipa\OneDrive\Desktop\apache-tomcat-9.0.104\webapps\ROOT]
27-Apr-2025 16:36:22.398 INFO [main] org.apache.jasper.servlet.TldScanner.scanJars At least one JAR was scanned for TLDs yet contained no TLDs. Enable debug logging for this logger for a complete list of JARs that were scanned but no TLDs were found in them. Skipping unneeded JARs during scanning can improve startup time and JSP compilation time.
27-Apr-2025 16:36:22.406 INFO [main] org.apache.catalina.startup.HostConfig.deployDirectory Deployment of web application directory [C:\Users\idipa\OneDrive\Desktop\apache-tomcat-9.0.104\webapps\ROOT] has finished in [573] ms
27-Apr-2025 16:36:22.412 INFO [main] org.apache.coyote.AbstractProtocol.start Starting ProtocolHandler ["http-nio-8002"]
27-Apr-2025 16:36:22.485 INFO [main] org.apache.catalina.startup.Catalina.start Server startup in [6287] milliseconds
27-Apr-2025 16:54:11.170 INFO [main] org.apache.catalina.core.StandardServer.await A valid shutdown command was received via the shutdown port. Stopping the Server instance.
27-Apr-2025 16:54:11.171 INFO [main] org.apache.coyote.AbstractProtocol.pause Pausing ProtocolHandler ["http-nio-8002"]
27-Apr-2025 16:54:11.293 INFO [main] org.apache.catalina.core.StandardService.stopInternal Stopping service [Catalina]
27-Apr-2025 16:54:11.354 INFO [main] org.apache.coyote.AbstractProtocol.stop Stopping ProtocolHandler ["http-nio-8002"]
27-Apr-2025 16:54:11.364 INFO [main] org.apache.coyote.AbstractProtocol.destroy Destroying ProtocolHandler ["http-nio-8002"]
27-Apr-2025 16:54:14.380 INFO [main] org.apache.catalina.startup.VersionLoggerListener.log Server version name:   Apache Tomcat/9.0.104
27-Apr-2025 16:54:14.460 INFO [main] org.apache.catalina.startup.VersionLoggerListener.log Server built:          Apr 4 2025 12:32:55 UTC
27-Apr-2025 16:54:14.463 INFO [main] org.apache.catalina.startup.VersionLoggerListener.log Server version number: 9.0.104.0
27-Apr-2025 16:54:14.508 INFO [main] org.apache.catalina.startup.VersionLoggerListener.log OS Name:               Windows 10
27-Apr-2025 16:54:14.551 INFO [main] org.apache.catalina.startup.VersionLoggerListener.log OS Version:            10.0
27-Apr-2025 16:54:14.573 INFO [main] org.apache.catalina.startup.VersionLoggerListener.log Architecture:          amd64
27-Apr-2025 16:54:14.598 INFO [main] org.apache.catalina.startup.VersionLoggerListener.log Java Home:             C:\Java\jdk-19
27-Apr-2025 16:54:14.604 INFO [main] org.apache.catalina.startup.VersionLoggerListener.log JVM Version:           19+36-2238
27-Apr-2025 16:54:14.620 INFO [main] org.apache.catalina.startup.VersionLoggerListener.log JVM Vendor:            Oracle Corporation
27-Apr-2025 16:54:14.631 INFO [main] org.apache.catalina.startup.VersionLoggerListener.log CATALINA_BASE:         C:\Users\idipa\OneDrive\Desktop\apache-tomcat-9.0.104
27-Apr-2025 16:54:14.665 INFO [main] org.apache.catalina.startup.VersionLoggerListener.log CATALINA_HOME:         C:\Users\idipa\OneDrive\Desktop\apache-tomcat-9.0.104
27-Apr-2025 16:54:14.673 INFO [main] org.apache.catalina.startup.VersionLoggerListener.log Command line argument: --add-opens=java.base/java.lang=ALL-UNNAMED
27-Apr-2025 16:54:14.679 INFO [main] org.apache.catalina.startup.VersionLoggerListener.log Command line argument: --add-opens=java.base/java.lang.invoke=ALL-UNNAMED
27-Apr-2025 16:54:14.686 INFO [main] org.apache.catalina.startup.VersionLoggerListener.log Command line argument: --add-opens=java.base/java.lang.reflect=ALL-UNNAMED
27-Apr-2025 16:54:14.690 INFO [main] org.apache.catalina.startup.VersionLoggerListener.log Command line argument: --add-opens=java.base/java.io=ALL-UNNAMED
27-Apr-2025 16:54:14.696 INFO [main] org.apache.catalina.startup.VersionLoggerListener.log Command line argument: --add-opens=java.base/java.util=ALL-UNNAMED
27-Apr-2025 16:54:14.703 INFO [main] org.apache.catalina.startup.VersionLoggerListener.log Command line argument: --add-opens=java.base/java.util.concurrent=ALL-UNNAMED
27-Apr-2025 16:54:14.707 INFO [main] org.apache.catalina.startup.VersionLoggerListener.log Command line argument: --add-opens=java.rmi/sun.rmi.transport=ALL-UNNAMED
27-Apr-2025 16:54:14.711 INFO [main] org.apache.catalina.startup.VersionLoggerListener.log Command line argument: -Djava.util.logging.config.file=C:\Users\idipa\OneDrive\Desktop\apache-tomcat-9.0.104\conf\logging.properties
27-Apr-2025 16:54:14.717 INFO [main] org.apache.catalina.startup.VersionLoggerListener.log Command line argument: -Djava.util.logging.manager=org.apache.juli.ClassLoaderLogManager
27-Apr-2025 16:54:14.720 INFO [main] org.apache.catalina.startup.VersionLoggerListener.log Command line argument: -Djdk.tls.ephemeralDHKeySize=2048
27-Apr-2025 16:54:14.727 INFO [main] org.apache.catalina.startup.VersionLoggerListener.log Command line argument: -Djava.protocol.handler.pkgs=org.apache.catalina.webresources
27-Apr-2025 16:54:14.732 INFO [main] org.apache.catalina.startup.VersionLoggerListener.log Command line argument: -Dsun.io.useCanonCaches=false
27-Apr-2025 16:54:14.771 INFO [main] org.apache.catalina.startup.VersionLoggerListener.log Command line argument: -Dignore.endorsed.dirs=
27-Apr-2025 16:54:14.778 INFO [main] org.apache.catalina.startup.VersionLoggerListener.log Command line argument: -Dcatalina.base=C:\Users\idipa\OneDrive\Desktop\apache-tomcat-9.0.104
27-Apr-2025 16:54:14.787 INFO [main] org.apache.catalina.startup.VersionLoggerListener.log Command line argument: -Dcatalina.home=C:\Users\idipa\OneDrive\Desktop\apache-tomcat-9.0.104
27-Apr-2025 16:54:14.795 INFO [main] org.apache.catalina.startup.VersionLoggerListener.log Command line argument: -Djava.io.tmpdir=C:\Users\idipa\OneDrive\Desktop\apache-tomcat-9.0.104\temp
27-Apr-2025 16:54:14.812 INFO [main] org.apache.catalina.core.AprLifecycleListener.lifecycleEvent Loaded Apache Tomcat Native library [1.3.1] using APR version [1.7.4].
27-Apr-2025 16:54:14.817 INFO [main] org.apache.catalina.core.AprLifecycleListener.lifecycleEvent APR capabilities: IPv6 [true], sendfile [true], accept filters [false], random [true], UDS [true].
27-Apr-2025 16:54:14.829 INFO [main] org.apache.catalina.core.AprLifecycleListener.lifecycleEvent APR/OpenSSL configuration: useAprConnector [false], useOpenSSL [true]
27-Apr-2025 16:54:14.880 INFO [main] org.apache.catalina.core.AprLifecycleListener.initializeSSL OpenSSL successfully initialized [OpenSSL 3.0.14 4 Jun 2024]
27-Apr-2025 16:54:16.045 INFO [main] org.apache.coyote.AbstractProtocol.init Initializing ProtocolHandler ["http-nio-8002"]
27-Apr-2025 16:54:16.082 INFO [main] org.apache.catalina.startup.Catalina.load Server initialization in [2132] milliseconds
27-Apr-2025 16:54:16.156 INFO [main] org.apache.catalina.core.StandardService.startInternal Starting service [Catalina]
27-Apr-2025 16:54:16.158 INFO [main] org.apache.catalina.core.StandardEngine.startInternal Starting Servlet engine: [Apache Tomcat/9.0.104]
27-Apr-2025 16:54:16.175 INFO [main] org.apache.catalina.startup.HostConfig.deployDirectory Deploying web application directory [C:\Users\idipa\OneDrive\Desktop\apache-tomcat-9.0.104\webapps\1112]
27-Apr-2025 16:54:17.460 INFO [main] org.apache.jasper.servlet.TldScanner.scanJars At least one JAR was scanned for TLDs yet contained no TLDs. Enable debug logging for this logger for a complete list of JARs that were scanned but no TLDs were found in them. Skipping unneeded JARs during scanning can improve startup time and JSP compilation time.
27-Apr-2025 16:54:17.656 INFO [main] org.apache.catalina.startup.HostConfig.deployDirectory Deployment of web application directory [C:\Users\idipa\OneDrive\Desktop\apache-tomcat-9.0.104\webapps\1112] has finished in [1,480] ms
27-Apr-2025 16:54:17.658 INFO [main] org.apache.catalina.startup.HostConfig.deployDirectory Deploying web application directory [C:\Users\idipa\OneDrive\Desktop\apache-tomcat-9.0.104\webapps\docs]
27-Apr-2025 16:54:18.249 INFO [main] org.apache.jasper.servlet.TldScanner.scanJars At least one JAR was scanned for TLDs yet contained no TLDs. Enable debug logging for this logger for a complete list of JARs that were scanned but no TLDs were found in them. Skipping unneeded JARs during scanning can improve startup time and JSP compilation time.
27-Apr-2025 16:54:18.259 INFO [main] org.apache.catalina.startup.HostConfig.deployDirectory Deployment of web application directory [C:\Users\idipa\OneDrive\Desktop\apache-tomcat-9.0.104\webapps\docs] has finished in [600] ms
27-Apr-2025 16:54:18.259 INFO [main] org.apache.catalina.startup.HostConfig.deployDirectory Deploying web application directory [C:\Users\idipa\OneDrive\Desktop\apache-tomcat-9.0.104\webapps\examples]
27-Apr-2025 16:54:19.723 INFO [main] org.apache.jasper.servlet.TldScanner.scanJars At least one JAR was scanned for TLDs yet contained no TLDs. Enable debug logging for this logger for a complete list of JARs that were scanned but no TLDs were found in them. Skipping unneeded JARs during scanning can improve startup time and JSP compilation time.
27-Apr-2025 16:54:19.835 INFO [main] org.apache.catalina.startup.HostConfig.deployDirectory Deployment of web application directory [C:\Users\idipa\OneDrive\Desktop\apache-tomcat-9.0.104\webapps\examples] has finished in [1,575] ms
27-Apr-2025 16:54:19.836 INFO [main] org.apache.catalina.startup.HostConfig.deployDirectory Deploying web application directory [C:\Users\idipa\OneDrive\Desktop\apache-tomcat-9.0.104\webapps\host-manager]
27-Apr-2025 16:54:20.578 INFO [main] org.apache.jasper.servlet.TldScanner.scanJars At least one JAR was scanned for TLDs yet contained no TLDs. Enable debug logging for this logger for a complete list of JARs that were scanned but no TLDs were found in them. Skipping unneeded JARs during scanning can improve startup time and JSP compilation time.
27-Apr-2025 16:54:20.602 INFO [main] org.apache.catalina.startup.HostConfig.deployDirectory Deployment of web application directory [C:\Users\idipa\OneDrive\Desktop\apache-tomcat-9.0.104\webapps\host-manager] has finished in [766] ms
27-Apr-2025 16:54:20.605 INFO [main] org.apache.catalina.startup.HostConfig.deployDirectory Deploying web application directory [C:\Users\idipa\OneDrive\Desktop\apache-tomcat-9.0.104\webapps\manager]
27-Apr-2025 16:54:21.264 INFO [main] org.apache.jasper.servlet.TldScanner.scanJars At least one JAR was scanned for TLDs yet contained no TLDs. Enable debug logging for this logger for a complete list of JARs that were scanned but no TLDs were found in them. Skipping unneeded JARs during scanning can improve startup time and JSP compilation time.
27-Apr-2025 16:54:21.273 INFO [main] org.apache.catalina.startup.HostConfig.deployDirectory Deployment of web application directory [C:\Users\idipa\OneDrive\Desktop\apache-tomcat-9.0.104\webapps\manager] has finished in [668] ms
27-Apr-2025 16:54:21.274 INFO [main] org.apache.catalina.startup.HostConfig.deployDirectory Deploying web application directory [C:\Users\idipa\OneDrive\Desktop\apache-tomcat-9.0.104\webapps\ROOT]
27-Apr-2025 16:54:21.850 INFO [main] org.apache.jasper.servlet.TldScanner.scanJars At least one JAR was scanned for TLDs yet contained no TLDs. Enable debug logging for this logger for a complete list of JARs that were scanned but no TLDs were found in them. Skipping unneeded JARs during scanning can improve startup time and JSP compilation time.
27-Apr-2025 16:54:21.857 INFO [main] org.apache.catalina.startup.HostConfig.deployDirectory Deployment of web application directory [C:\Users\idipa\OneDrive\Desktop\apache-tomcat-9.0.104\webapps\ROOT] has finished in [583] ms
27-Apr-2025 16:54:21.865 INFO [main] org.apache.coyote.AbstractProtocol.start Starting ProtocolHandler ["http-nio-8002"]
27-Apr-2025 16:54:21.925 INFO [main] org.apache.catalina.startup.Catalina.start Server startup in [5840] milliseconds
27-Apr-2025 17:05:14.722 INFO [main] org.apache.catalina.core.StandardServer.await A valid shutdown command was received via the shutdown port. Stopping the Server instance.
27-Apr-2025 17:05:14.725 INFO [main] org.apache.coyote.AbstractProtocol.pause Pausing ProtocolHandler ["http-nio-8002"]
27-Apr-2025 17:05:14.847 INFO [main] org.apache.catalina.core.StandardService.stopInternal Stopping service [Catalina]
27-Apr-2025 17:05:14.903 INFO [main] org.apache.coyote.AbstractProtocol.stop Stopping ProtocolHandler ["http-nio-8002"]
27-Apr-2025 17:05:14.912 INFO [main] org.apache.coyote.AbstractProtocol.destroy Destroying ProtocolHandler ["http-nio-8002"]
27-Apr-2025 17:06:59.991 INFO [main] org.apache.catalina.startup.VersionLoggerListener.log Server version name:   Apache Tomcat/9.0.104
27-Apr-2025 17:06:59.997 INFO [main] org.apache.catalina.startup.VersionLoggerListener.log Server built:          Apr 4 2025 12:32:55 UTC
27-Apr-2025 17:06:59.998 INFO [main] org.apache.catalina.startup.VersionLoggerListener.log Server version number: 9.0.104.0
27-Apr-2025 17:06:59.999 INFO [main] org.apache.catalina.startup.VersionLoggerListener.log OS Name:               Windows 10
27-Apr-2025 17:06:59.999 INFO [main] org.apache.catalina.startup.VersionLoggerListener.log OS Version:            10.0
27-Apr-2025 17:06:59.999 INFO [main] org.apache.catalina.startup.VersionLoggerListener.log Architecture:          amd64
27-Apr-2025 17:07:00.000 INFO [main] org.apache.catalina.startup.VersionLoggerListener.log Java Home:             C:\Java\jdk-19
27-Apr-2025 17:07:00.000 INFO [main] org.apache.catalina.startup.VersionLoggerListener.log JVM Version:           19+36-2238
27-Apr-2025 17:07:00.000 INFO [main] org.apache.catalina.startup.VersionLoggerListener.log JVM Vendor:            Oracle Corporation
27-Apr-2025 17:07:00.002 INFO [main] org.apache.catalina.startup.VersionLoggerListener.log CATALINA_BASE:         C:\Users\idipa\OneDrive\Desktop\apache-tomcat-9.0.104
27-Apr-2025 17:07:00.002 INFO [main] org.apache.catalina.startup.VersionLoggerListener.log CATALINA_HOME:         C:\Users\idipa\OneDrive\Desktop\apache-tomcat-9.0.104
27-Apr-2025 17:07:00.020 INFO [main] org.apache.catalina.startup.VersionLoggerListener.log Command line argument: --add-opens=java.base/java.lang=ALL-UNNAMED
27-Apr-2025 17:07:00.028 INFO [main] org.apache.catalina.startup.VersionLoggerListener.log Command line argument: --add-opens=java.base/java.lang.invoke=ALL-UNNAMED
27-Apr-2025 17:07:00.029 INFO [main] org.apache.catalina.startup.VersionLoggerListener.log Command line argument: --add-opens=java.base/java.lang.reflect=ALL-UNNAMED
27-Apr-2025 17:07:00.031 INFO [main] org.apache.catalina.startup.VersionLoggerListener.log Command line argument: --add-opens=java.base/java.io=ALL-UNNAMED
27-Apr-2025 17:07:00.032 INFO [main] org.apache.catalina.startup.VersionLoggerListener.log Command line argument: --add-opens=java.base/java.util=ALL-UNNAMED
27-Apr-2025 17:07:00.033 INFO [main] org.apache.catalina.startup.VersionLoggerListener.log Command line argument: --add-opens=java.base/java.util.concurrent=ALL-UNNAMED
27-Apr-2025 17:07:00.034 INFO [main] org.apache.catalina.startup.VersionLoggerListener.log Command line argument: --add-opens=java.rmi/sun.rmi.transport=ALL-UNNAMED
27-Apr-2025 17:07:00.037 INFO [main] org.apache.catalina.startup.VersionLoggerListener.log Command line argument: -Djava.util.logging.config.file=C:\Users\idipa\OneDrive\Desktop\apache-tomcat-9.0.104\conf\logging.properties
27-Apr-2025 17:07:00.038 INFO [main] org.apache.catalina.startup.VersionLoggerListener.log Command line argument: -Djava.util.logging.manager=org.apache.juli.ClassLoaderLogManager
27-Apr-2025 17:07:00.039 INFO [main] org.apache.catalina.startup.VersionLoggerListener.log Command line argument: -Djdk.tls.ephemeralDHKeySize=2048
27-Apr-2025 17:07:00.039 INFO [main] org.apache.catalina.startup.VersionLoggerListener.log Command line argument: -Djava.protocol.handler.pkgs=org.apache.catalina.webresources
27-Apr-2025 17:07:00.040 INFO [main] org.apache.catalina.startup.VersionLoggerListener.log Command line argument: -Dsun.io.useCanonCaches=false
27-Apr-2025 17:07:00.041 INFO [main] org.apache.catalina.startup.VersionLoggerListener.log Command line argument: -Dignore.endorsed.dirs=
27-Apr-2025 17:07:00.041 INFO [main] org.apache.catalina.startup.VersionLoggerListener.log Command line argument: -Dcatalina.base=C:\Users\idipa\OneDrive\Desktop\apache-tomcat-9.0.104
27-Apr-2025 17:07:00.042 INFO [main] org.apache.catalina.startup.VersionLoggerListener.log Command line argument: -Dcatalina.home=C:\Users\idipa\OneDrive\Desktop\apache-tomcat-9.0.104
27-Apr-2025 17:07:00.043 INFO [main] org.apache.catalina.startup.VersionLoggerListener.log Command line argument: -Djava.io.tmpdir=C:\Users\idipa\OneDrive\Desktop\apache-tomcat-9.0.104\temp
27-Apr-2025 17:07:00.048 INFO [main] org.apache.catalina.core.AprLifecycleListener.lifecycleEvent Loaded Apache Tomcat Native library [1.3.1] using APR version [1.7.4].
27-Apr-2025 17:07:00.048 INFO [main] org.apache.catalina.core.AprLifecycleListener.lifecycleEvent APR capabilities: IPv6 [true], sendfile [true], accept filters [false], random [true], UDS [true].
27-Apr-2025 17:07:00.049 INFO [main] org.apache.catalina.core.AprLifecycleListener.lifecycleEvent APR/OpenSSL configuration: useAprConnector [false], useOpenSSL [true]
27-Apr-2025 17:07:00.059 INFO [main] org.apache.catalina.core.AprLifecycleListener.initializeSSL OpenSSL successfully initialized [OpenSSL 3.0.14 4 Jun 2024]
27-Apr-2025 17:07:00.560 INFO [main] org.apache.coyote.AbstractProtocol.init Initializing ProtocolHandler ["http-nio-8002"]
27-Apr-2025 17:07:00.604 INFO [main] org.apache.catalina.startup.Catalina.load Server initialization in [910] milliseconds
27-Apr-2025 17:07:00.683 INFO [main] org.apache.catalina.core.StandardService.startInternal Starting service [Catalina]
27-Apr-2025 17:07:00.684 INFO [main] org.apache.catalina.core.StandardEngine.startInternal Starting Servlet engine: [Apache Tomcat/9.0.104]
27-Apr-2025 17:07:00.704 INFO [main] org.apache.catalina.startup.HostConfig.deployDirectory Deploying web application directory [C:\Users\idipa\OneDrive\Desktop\apache-tomcat-9.0.104\webapps\1112]
27-Apr-2025 17:07:02.634 INFO [main] org.apache.jasper.servlet.TldScanner.scanJars At least one JAR was scanned for TLDs yet contained no TLDs. Enable debug logging for this logger for a complete list of JARs that were scanned but no TLDs were found in them. Skipping unneeded JARs during scanning can improve startup time and JSP compilation time.
27-Apr-2025 17:07:02.930 INFO [main] org.apache.catalina.startup.HostConfig.deployDirectory Deployment of web application directory [C:\Users\idipa\OneDrive\Desktop\apache-tomcat-9.0.104\webapps\1112] has finished in [2,224] ms
27-Apr-2025 17:07:02.932 INFO [main] org.apache.catalina.startup.HostConfig.deployDirectory Deploying web application directory [C:\Users\idipa\OneDrive\Desktop\apache-tomcat-9.0.104\webapps\docs]
27-Apr-2025 17:07:03.641 INFO [main] org.apache.jasper.servlet.TldScanner.scanJars At least one JAR was scanned for TLDs yet contained no TLDs. Enable debug logging for this logger for a complete list of JARs that were scanned but no TLDs were found in them. Skipping unneeded JARs during scanning can improve startup time and JSP compilation time.
27-Apr-2025 17:07:03.652 INFO [main] org.apache.catalina.startup.HostConfig.deployDirectory Deployment of web application directory [C:\Users\idipa\OneDrive\Desktop\apache-tomcat-9.0.104\webapps\docs] has finished in [720] ms
27-Apr-2025 17:07:03.653 INFO [main] org.apache.catalina.startup.HostConfig.deployDirectory Deploying web application directory [C:\Users\idipa\OneDrive\Desktop\apache-tomcat-9.0.104\webapps\examples]
27-Apr-2025 17:07:05.276 INFO [main] org.apache.jasper.servlet.TldScanner.scanJars At least one JAR was scanned for TLDs yet contained no TLDs. Enable debug logging for this logger for a complete list of JARs that were scanned but no TLDs were found in them. Skipping unneeded JARs during scanning can improve startup time and JSP compilation time.
27-Apr-2025 17:07:05.394 INFO [main] org.apache.catalina.startup.HostConfig.deployDirectory Deployment of web application directory [C:\Users\idipa\OneDrive\Desktop\apache-tomcat-9.0.104\webapps\examples] has finished in [1,741] ms
27-Apr-2025 17:07:05.397 INFO [main] org.apache.catalina.startup.HostConfig.deployDirectory Deploying web application directory [C:\Users\idipa\OneDrive\Desktop\apache-tomcat-9.0.104\webapps\host-manager]
27-Apr-2025 17:07:06.153 INFO [main] org.apache.jasper.servlet.TldScanner.scanJars At least one JAR was scanned for TLDs yet contained no TLDs. Enable debug logging for this logger for a complete list of JARs that were scanned but no TLDs were found in them. Skipping unneeded JARs during scanning can improve startup time and JSP compilation time.
27-Apr-2025 17:07:06.171 INFO [main] org.apache.catalina.startup.HostConfig.deployDirectory Deployment of web application directory [C:\Users\idipa\OneDrive\Desktop\apache-tomcat-9.0.104\webapps\host-manager] has finished in [774] ms
27-Apr-2025 17:07:06.172 INFO [main] org.apache.catalina.startup.HostConfig.deployDirectory Deploying web application directory [C:\Users\idipa\OneDrive\Desktop\apache-tomcat-9.0.104\webapps\manager]
27-Apr-2025 17:07:06.909 INFO [main] org.apache.jasper.servlet.TldScanner.scanJars At least one JAR was scanned for TLDs yet contained no TLDs. Enable debug logging for this logger for a complete list of JARs that were scanned but no TLDs were found in them. Skipping unneeded JARs during scanning can improve startup time and JSP compilation time.
27-Apr-2025 17:07:06.922 INFO [main] org.apache.catalina.startup.HostConfig.deployDirectory Deployment of web application directory [C:\Users\idipa\OneDrive\Desktop\apache-tomcat-9.0.104\webapps\manager] has finished in [751] ms
27-Apr-2025 17:07:06.923 INFO [main] org.apache.catalina.startup.HostConfig.deployDirectory Deploying web application directory [C:\Users\idipa\OneDrive\Desktop\apache-tomcat-9.0.104\webapps\ROOT]
27-Apr-2025 17:07:07.586 INFO [main] org.apache.jasper.servlet.TldScanner.scanJars At least one JAR was scanned for TLDs yet contained no TLDs. Enable debug logging for this logger for a complete list of JARs that were scanned but no TLDs were found in them. Skipping unneeded JARs during scanning can improve startup time and JSP compilation time.
27-Apr-2025 17:07:07.595 INFO [main] org.apache.catalina.startup.HostConfig.deployDirectory Deployment of web application directory [C:\Users\idipa\OneDrive\Desktop\apache-tomcat-9.0.104\webapps\ROOT] has finished in [671] ms
27-Apr-2025 17:07:07.603 INFO [main] org.apache.coyote.AbstractProtocol.start Starting ProtocolHandler ["http-nio-8002"]
27-Apr-2025 17:07:07.674 INFO [main] org.apache.catalina.startup.Catalina.start Server startup in [7066] milliseconds
27-Apr-2025 17:18:27.443 INFO [main] org.apache.catalina.core.StandardServer.await A valid shutdown command was received via the shutdown port. Stopping the Server instance.
27-Apr-2025 17:18:27.445 INFO [main] org.apache.coyote.AbstractProtocol.pause Pausing ProtocolHandler ["http-nio-8002"]
27-Apr-2025 17:18:27.575 INFO [main] org.apache.catalina.core.StandardService.stopInternal Stopping service [Catalina]
27-Apr-2025 17:18:27.631 INFO [main] org.apache.coyote.AbstractProtocol.stop Stopping ProtocolHandler ["http-nio-8002"]
27-Apr-2025 17:18:27.645 INFO [main] org.apache.coyote.AbstractProtocol.destroy Destroying ProtocolHandler ["http-nio-8002"]
27-Apr-2025 21:57:28.397 INFO [main] org.apache.catalina.startup.VersionLoggerListener.log Server version name:   Apache Tomcat/9.0.104
27-Apr-2025 21:57:28.500 INFO [main] org.apache.catalina.startup.VersionLoggerListener.log Server built:          Apr 4 2025 12:32:55 UTC
27-Apr-2025 21:57:28.552 INFO [main] org.apache.catalina.startup.VersionLoggerListener.log Server version number: 9.0.104.0
27-Apr-2025 21:57:28.591 INFO [main] org.apache.catalina.startup.VersionLoggerListener.log OS Name:               Windows 10
27-Apr-2025 21:57:28.607 INFO [main] org.apache.catalina.startup.VersionLoggerListener.log OS Version:            10.0
27-Apr-2025 21:57:28.622 INFO [main] org.apache.catalina.startup.VersionLoggerListener.log Architecture:          amd64
27-Apr-2025 21:57:28.634 INFO [main] org.apache.catalina.startup.VersionLoggerListener.log Java Home:             C:\Java\jdk-19
27-Apr-2025 21:57:28.636 INFO [main] org.apache.catalina.startup.VersionLoggerListener.log JVM Version:           19+36-2238
27-Apr-2025 21:57:28.646 INFO [main] org.apache.catalina.startup.VersionLoggerListener.log JVM Vendor:            Oracle Corporation
27-Apr-2025 21:57:28.649 INFO [main] org.apache.catalina.startup.VersionLoggerListener.log CATALINA_BASE:         C:\Users\idipa\OneDrive\Desktop\apache-tomcat-9.0.104
27-Apr-2025 21:57:28.650 INFO [main] org.apache.catalina.startup.VersionLoggerListener.log CATALINA_HOME:         C:\Users\idipa\OneDrive\Desktop\apache-tomcat-9.0.104
27-Apr-2025 21:57:28.655 INFO [main] org.apache.catalina.startup.VersionLoggerListener.log Command line argument: --add-opens=java.base/java.lang=ALL-UNNAMED
27-Apr-2025 21:57:28.656 INFO [main] org.apache.catalina.startup.VersionLoggerListener.log Command line argument: --add-opens=java.base/java.lang.invoke=ALL-UNNAMED
27-Apr-2025 21:57:28.657 INFO [main] org.apache.catalina.startup.VersionLoggerListener.log Command line argument: --add-opens=java.base/java.lang.reflect=ALL-UNNAMED
27-Apr-2025 21:57:28.658 INFO [main] org.apache.catalina.startup.VersionLoggerListener.log Command line argument: --add-opens=java.base/java.io=ALL-UNNAMED
27-Apr-2025 21:57:28.659 INFO [main] org.apache.catalina.startup.VersionLoggerListener.log Command line argument: --add-opens=java.base/java.util=ALL-UNNAMED
27-Apr-2025 21:57:28.661 INFO [main] org.apache.catalina.startup.VersionLoggerListener.log Command line argument: --add-opens=java.base/java.util.concurrent=ALL-UNNAMED
27-Apr-2025 21:57:28.663 INFO [main] org.apache.catalina.startup.VersionLoggerListener.log Command line argument: --add-opens=java.rmi/sun.rmi.transport=ALL-UNNAMED
27-Apr-2025 21:57:28.664 INFO [main] org.apache.catalina.startup.VersionLoggerListener.log Command line argument: -Djava.util.logging.config.file=C:\Users\idipa\OneDrive\Desktop\apache-tomcat-9.0.104\conf\logging.properties
27-Apr-2025 21:57:28.665 INFO [main] org.apache.catalina.startup.VersionLoggerListener.log Command line argument: -Djava.util.logging.manager=org.apache.juli.ClassLoaderLogManager
27-Apr-2025 21:57:28.668 INFO [main] org.apache.catalina.startup.VersionLoggerListener.log Command line argument: -Djdk.tls.ephemeralDHKeySize=2048
27-Apr-2025 21:57:28.676 INFO [main] org.apache.catalina.startup.VersionLoggerListener.log Command line argument: -Djava.protocol.handler.pkgs=org.apache.catalina.webresources
27-Apr-2025 21:57:28.677 INFO [main] org.apache.catalina.startup.VersionLoggerListener.log Command line argument: -Dsun.io.useCanonCaches=false
27-Apr-2025 21:57:28.680 INFO [main] org.apache.catalina.startup.VersionLoggerListener.log Command line argument: -Dignore.endorsed.dirs=
27-Apr-2025 21:57:28.681 INFO [main] org.apache.catalina.startup.VersionLoggerListener.log Command line argument: -Dcatalina.base=C:\Users\idipa\OneDrive\Desktop\apache-tomcat-9.0.104
27-Apr-2025 21:57:28.682 INFO [main] org.apache.catalina.startup.VersionLoggerListener.log Command line argument: -Dcatalina.home=C:\Users\idipa\OneDrive\Desktop\apache-tomcat-9.0.104
27-Apr-2025 21:57:28.684 INFO [main] org.apache.catalina.startup.VersionLoggerListener.log Command line argument: -Djava.io.tmpdir=C:\Users\idipa\OneDrive\Desktop\apache-tomcat-9.0.104\temp
27-Apr-2025 21:57:28.740 INFO [main] org.apache.catalina.core.AprLifecycleListener.lifecycleEvent Loaded Apache Tomcat Native library [1.3.1] using APR version [1.7.4].
27-Apr-2025 21:57:28.741 INFO [main] org.apache.catalina.core.AprLifecycleListener.lifecycleEvent APR capabilities: IPv6 [true], sendfile [true], accept filters [false], random [true], UDS [true].
27-Apr-2025 21:57:28.746 INFO [main] org.apache.catalina.core.AprLifecycleListener.lifecycleEvent APR/OpenSSL configuration: useAprConnector [false], useOpenSSL [true]
27-Apr-2025 21:57:28.779 INFO [main] org.apache.catalina.core.AprLifecycleListener.initializeSSL OpenSSL successfully initialized [OpenSSL 3.0.14 4 Jun 2024]
27-Apr-2025 21:57:30.155 INFO [main] org.apache.coyote.AbstractProtocol.init Initializing ProtocolHandler ["http-nio-8002"]
27-Apr-2025 21:57:30.340 INFO [main] org.apache.catalina.startup.Catalina.load Server initialization in [2713] milliseconds
27-Apr-2025 21:57:30.496 INFO [main] org.apache.catalina.core.StandardService.startInternal Starting service [Catalina]
27-Apr-2025 21:57:30.498 INFO [main] org.apache.catalina.core.StandardEngine.startInternal Starting Servlet engine: [Apache Tomcat/9.0.104]
27-Apr-2025 21:57:30.541 INFO [main] org.apache.catalina.startup.HostConfig.deployDirectory Deploying web application directory [C:\Users\idipa\OneDrive\Desktop\apache-tomcat-9.0.104\webapps\1112]
27-Apr-2025 21:57:35.669 INFO [main] org.apache.jasper.servlet.TldScanner.scanJars At least one JAR was scanned for TLDs yet contained no TLDs. Enable debug logging for this logger for a complete list of JARs that were scanned but no TLDs were found in them. Skipping unneeded JARs during scanning can improve startup time and JSP compilation time.
27-Apr-2025 21:57:36.393 WARNING [main] org.apache.catalina.util.SessionIdGeneratorBase.createSecureRandom Creation of SecureRandom instance for session ID generation using [SHA1PRNG] took [184] milliseconds.
27-Apr-2025 21:57:36.507 INFO [main] org.apache.catalina.startup.HostConfig.deployDirectory Deployment of web application directory [C:\Users\idipa\OneDrive\Desktop\apache-tomcat-9.0.104\webapps\1112] has finished in [5,966] ms
27-Apr-2025 21:57:36.511 INFO [main] org.apache.catalina.startup.HostConfig.deployDirectory Deploying web application directory [C:\Users\idipa\OneDrive\Desktop\apache-tomcat-9.0.104\webapps\docs]
27-Apr-2025 21:57:38.165 INFO [main] org.apache.jasper.servlet.TldScanner.scanJars At least one JAR was scanned for TLDs yet contained no TLDs. Enable debug logging for this logger for a complete list of JARs that were scanned but no TLDs were found in them. Skipping unneeded JARs during scanning can improve startup time and JSP compilation time.
27-Apr-2025 21:57:38.224 INFO [main] org.apache.catalina.startup.HostConfig.deployDirectory Deployment of web application directory [C:\Users\idipa\OneDrive\Desktop\apache-tomcat-9.0.104\webapps\docs] has finished in [1,711] ms
27-Apr-2025 21:57:38.277 INFO [main] org.apache.catalina.startup.HostConfig.deployDirectory Deploying web application directory [C:\Users\idipa\OneDrive\Desktop\apache-tomcat-9.0.104\webapps\examples]
27-Apr-2025 21:57:41.732 INFO [main] org.apache.jasper.servlet.TldScanner.scanJars At least one JAR was scanned for TLDs yet contained no TLDs. Enable debug logging for this logger for a complete list of JARs that were scanned but no TLDs were found in them. Skipping unneeded JARs during scanning can improve startup time and JSP compilation time.
27-Apr-2025 21:57:41.929 INFO [main] org.apache.catalina.startup.HostConfig.deployDirectory Deployment of web application directory [C:\Users\idipa\OneDrive\Desktop\apache-tomcat-9.0.104\webapps\examples] has finished in [3,653] ms
27-Apr-2025 21:57:41.931 INFO [main] org.apache.catalina.startup.HostConfig.deployDirectory Deploying web application directory [C:\Users\idipa\OneDrive\Desktop\apache-tomcat-9.0.104\webapps\host-manager]
27-Apr-2025 21:57:43.186 INFO [main] org.apache.jasper.servlet.TldScanner.scanJars At least one JAR was scanned for TLDs yet contained no TLDs. Enable debug logging for this logger for a complete list of JARs that were scanned but no TLDs were found in them. Skipping unneeded JARs during scanning can improve startup time and JSP compilation time.
27-Apr-2025 21:57:43.214 INFO [main] org.apache.catalina.startup.HostConfig.deployDirectory Deployment of web application directory [C:\Users\idipa\OneDrive\Desktop\apache-tomcat-9.0.104\webapps\host-manager] has finished in [1,283] ms
27-Apr-2025 21:57:43.215 INFO [main] org.apache.catalina.startup.HostConfig.deployDirectory Deploying web application directory [C:\Users\idipa\OneDrive\Desktop\apache-tomcat-9.0.104\webapps\manager]
27-Apr-2025 21:57:44.547 INFO [main] org.apache.jasper.servlet.TldScanner.scanJars At least one JAR was scanned for TLDs yet contained no TLDs. Enable debug logging for this logger for a complete list of JARs that were scanned but no TLDs were found in them. Skipping unneeded JARs during scanning can improve startup time and JSP compilation time.
27-Apr-2025 21:57:44.564 INFO [main] org.apache.catalina.startup.HostConfig.deployDirectory Deployment of web application directory [C:\Users\idipa\OneDrive\Desktop\apache-tomcat-9.0.104\webapps\manager] has finished in [1,348] ms
27-Apr-2025 21:57:44.565 INFO [main] org.apache.catalina.startup.HostConfig.deployDirectory Deploying web application directory [C:\Users\idipa\OneDrive\Desktop\apache-tomcat-9.0.104\webapps\ROOT]
27-Apr-2025 21:57:45.401 INFO [main] org.apache.jasper.servlet.TldScanner.scanJars At least one JAR was scanned for TLDs yet contained no TLDs. Enable debug logging for this logger for a complete list of JARs that were scanned but no TLDs were found in them. Skipping unneeded JARs during scanning can improve startup time and JSP compilation time.
27-Apr-2025 21:57:45.419 INFO [main] org.apache.catalina.startup.HostConfig.deployDirectory Deployment of web application directory [C:\Users\idipa\OneDrive\Desktop\apache-tomcat-9.0.104\webapps\ROOT] has finished in [855] ms
27-Apr-2025 21:57:45.435 INFO [main] org.apache.coyote.AbstractProtocol.start Starting ProtocolHandler ["http-nio-8002"]
27-Apr-2025 21:57:45.838 INFO [main] org.apache.catalina.startup.Catalina.start Server startup in [15486] milliseconds
27-Apr-2025 21:59:03.854 INFO [main] org.apache.catalina.core.StandardServer.await A valid shutdown command was received via the shutdown port. Stopping the Server instance.
27-Apr-2025 21:59:03.857 INFO [main] org.apache.coyote.AbstractProtocol.pause Pausing ProtocolHandler ["http-nio-8002"]
27-Apr-2025 21:59:04.188 INFO [main] org.apache.catalina.core.StandardService.stopInternal Stopping service [Catalina]
27-Apr-2025 21:59:04.277 INFO [main] org.apache.coyote.AbstractProtocol.stop Stopping ProtocolHandler ["http-nio-8002"]
27-Apr-2025 21:59:04.288 INFO [main] org.apache.coyote.AbstractProtocol.destroy Destroying ProtocolHandler ["http-nio-8002"]
27-Apr-2025 22:03:09.387 INFO [main] org.apache.catalina.startup.VersionLoggerListener.log Server version name:   Apache Tomcat/9.0.104
27-Apr-2025 22:03:09.400 INFO [main] org.apache.catalina.startup.VersionLoggerListener.log Server built:          Apr 4 2025 12:32:55 UTC
27-Apr-2025 22:03:09.401 INFO [main] org.apache.catalina.startup.VersionLoggerListener.log Server version number: 9.0.104.0
27-Apr-2025 22:03:09.402 INFO [main] org.apache.catalina.startup.VersionLoggerListener.log OS Name:               Windows 10
27-Apr-2025 22:03:09.403 INFO [main] org.apache.catalina.startup.VersionLoggerListener.log OS Version:            10.0
27-Apr-2025 22:03:09.403 INFO [main] org.apache.catalina.startup.VersionLoggerListener.log Architecture:          amd64
27-Apr-2025 22:03:09.404 INFO [main] org.apache.catalina.startup.VersionLoggerListener.log Java Home:             C:\Java\jdk-19
27-Apr-2025 22:03:09.404 INFO [main] org.apache.catalina.startup.VersionLoggerListener.log JVM Version:           19+36-2238
27-Apr-2025 22:03:09.404 INFO [main] org.apache.catalina.startup.VersionLoggerListener.log JVM Vendor:            Oracle Corporation
27-Apr-2025 22:03:09.405 INFO [main] org.apache.catalina.startup.VersionLoggerListener.log CATALINA_BASE:         C:\Users\idipa\OneDrive\Desktop\apache-tomcat-9.0.104
27-Apr-2025 22:03:09.406 INFO [main] org.apache.catalina.startup.VersionLoggerListener.log CATALINA_HOME:         C:\Users\idipa\OneDrive\Desktop\apache-tomcat-9.0.104
27-Apr-2025 22:03:09.458 INFO [main] org.apache.catalina.startup.VersionLoggerListener.log Command line argument: --add-opens=java.base/java.lang=ALL-UNNAMED
27-Apr-2025 22:03:09.464 INFO [main] org.apache.catalina.startup.VersionLoggerListener.log Command line argument: --add-opens=java.base/java.lang.invoke=ALL-UNNAMED
27-Apr-2025 22:03:09.465 INFO [main] org.apache.catalina.startup.VersionLoggerListener.log Command line argument: --add-opens=java.base/java.lang.reflect=ALL-UNNAMED
27-Apr-2025 22:03:09.468 INFO [main] org.apache.catalina.startup.VersionLoggerListener.log Command line argument: --add-opens=java.base/java.io=ALL-UNNAMED
27-Apr-2025 22:03:09.472 INFO [main] org.apache.catalina.startup.VersionLoggerListener.log Command line argument: --add-opens=java.base/java.util=ALL-UNNAMED
27-Apr-2025 22:03:09.474 INFO [main] org.apache.catalina.startup.VersionLoggerListener.log Command line argument: --add-opens=java.base/java.util.concurrent=ALL-UNNAMED
27-Apr-2025 22:03:09.475 INFO [main] org.apache.catalina.startup.VersionLoggerListener.log Command line argument: --add-opens=java.rmi/sun.rmi.transport=ALL-UNNAMED
27-Apr-2025 22:03:09.476 INFO [main] org.apache.catalina.startup.VersionLoggerListener.log Command line argument: -Djava.util.logging.config.file=C:\Users\idipa\OneDrive\Desktop\apache-tomcat-9.0.104\conf\logging.properties
27-Apr-2025 22:03:09.478 INFO [main] org.apache.catalina.startup.VersionLoggerListener.log Command line argument: -Djava.util.logging.manager=org.apache.juli.ClassLoaderLogManager
27-Apr-2025 22:03:09.486 INFO [main] org.apache.catalina.startup.VersionLoggerListener.log Command line argument: -Djdk.tls.ephemeralDHKeySize=2048
27-Apr-2025 22:03:09.488 INFO [main] org.apache.catalina.startup.VersionLoggerListener.log Command line argument: -Djava.protocol.handler.pkgs=org.apache.catalina.webresources
27-Apr-2025 22:03:09.489 INFO [main] org.apache.catalina.startup.VersionLoggerListener.log Command line argument: -Dsun.io.useCanonCaches=false
27-Apr-2025 22:03:09.490 INFO [main] org.apache.catalina.startup.VersionLoggerListener.log Command line argument: -Dignore.endorsed.dirs=
27-Apr-2025 22:03:09.491 INFO [main] org.apache.catalina.startup.VersionLoggerListener.log Command line argument: -Dcatalina.base=C:\Users\idipa\OneDrive\Desktop\apache-tomcat-9.0.104
27-Apr-2025 22:03:09.493 INFO [main] org.apache.catalina.startup.VersionLoggerListener.log Command line argument: -Dcatalina.home=C:\Users\idipa\OneDrive\Desktop\apache-tomcat-9.0.104
27-Apr-2025 22:03:09.497 INFO [main] org.apache.catalina.startup.VersionLoggerListener.log Command line argument: -Djava.io.tmpdir=C:\Users\idipa\OneDrive\Desktop\apache-tomcat-9.0.104\temp
27-Apr-2025 22:03:09.516 INFO [main] org.apache.catalina.core.AprLifecycleListener.lifecycleEvent Loaded Apache Tomcat Native library [1.3.1] using APR version [1.7.4].
27-Apr-2025 22:03:09.518 INFO [main] org.apache.catalina.core.AprLifecycleListener.lifecycleEvent APR capabilities: IPv6 [true], sendfile [true], accept filters [false], random [true], UDS [true].
27-Apr-2025 22:03:09.519 INFO [main] org.apache.catalina.core.AprLifecycleListener.lifecycleEvent APR/OpenSSL configuration: useAprConnector [false], useOpenSSL [true]
27-Apr-2025 22:03:09.560 INFO [main] org.apache.catalina.core.AprLifecycleListener.initializeSSL OpenSSL successfully initialized [OpenSSL 3.0.14 4 Jun 2024]
27-Apr-2025 22:03:11.277 INFO [main] org.apache.coyote.AbstractProtocol.init Initializing ProtocolHandler ["http-nio-8002"]
27-Apr-2025 22:03:11.406 INFO [main] org.apache.catalina.startup.Catalina.load Server initialization in [2831] milliseconds
27-Apr-2025 22:03:11.924 INFO [main] org.apache.catalina.core.StandardService.startInternal Starting service [Catalina]
27-Apr-2025 22:03:11.933 INFO [main] org.apache.catalina.core.StandardEngine.startInternal Starting Servlet engine: [Apache Tomcat/9.0.104]
27-Apr-2025 22:03:12.019 INFO [main] org.apache.catalina.startup.HostConfig.deployDirectory Deploying web application directory [C:\Users\idipa\OneDrive\Desktop\apache-tomcat-9.0.104\webapps\1112]
27-Apr-2025 22:03:16.887 INFO [main] org.apache.jasper.servlet.TldScanner.scanJars At least one JAR was scanned for TLDs yet contained no TLDs. Enable debug logging for this logger for a complete list of JARs that were scanned but no TLDs were found in them. Skipping unneeded JARs during scanning can improve startup time and JSP compilation time.
27-Apr-2025 22:03:17.552 WARNING [main] org.apache.catalina.util.SessionIdGeneratorBase.createSecureRandom Creation of SecureRandom instance for session ID generation using [SHA1PRNG] took [107] milliseconds.
27-Apr-2025 22:03:17.619 INFO [main] org.apache.catalina.startup.HostConfig.deployDirectory Deployment of web application directory [C:\Users\idipa\OneDrive\Desktop\apache-tomcat-9.0.104\webapps\1112] has finished in [5,600] ms
27-Apr-2025 22:03:17.624 INFO [main] org.apache.catalina.startup.HostConfig.deployDirectory Deploying web application directory [C:\Users\idipa\OneDrive\Desktop\apache-tomcat-9.0.104\webapps\docs]
27-Apr-2025 22:03:18.881 INFO [main] org.apache.jasper.servlet.TldScanner.scanJars At least one JAR was scanned for TLDs yet contained no TLDs. Enable debug logging for this logger for a complete list of JARs that were scanned but no TLDs were found in them. Skipping unneeded JARs during scanning can improve startup time and JSP compilation time.
27-Apr-2025 22:03:18.897 INFO [main] org.apache.catalina.startup.HostConfig.deployDirectory Deployment of web application directory [C:\Users\idipa\OneDrive\Desktop\apache-tomcat-9.0.104\webapps\docs] has finished in [1,273] ms
27-Apr-2025 22:03:18.898 INFO [main] org.apache.catalina.startup.HostConfig.deployDirectory Deploying web application directory [C:\Users\idipa\OneDrive\Desktop\apache-tomcat-9.0.104\webapps\examples]
27-Apr-2025 22:03:21.329 INFO [main] org.apache.jasper.servlet.TldScanner.scanJars At least one JAR was scanned for TLDs yet contained no TLDs. Enable debug logging for this logger for a complete list of JARs that were scanned but no TLDs were found in them. Skipping unneeded JARs during scanning can improve startup time and JSP compilation time.
27-Apr-2025 22:03:21.609 INFO [main] org.apache.catalina.startup.HostConfig.deployDirectory Deployment of web application directory [C:\Users\idipa\OneDrive\Desktop\apache-tomcat-9.0.104\webapps\examples] has finished in [2,711] ms
27-Apr-2025 22:03:21.611 INFO [main] org.apache.catalina.startup.HostConfig.deployDirectory Deploying web application directory [C:\Users\idipa\OneDrive\Desktop\apache-tomcat-9.0.104\webapps\host-manager]
27-Apr-2025 22:03:22.529 INFO [main] org.apache.jasper.servlet.TldScanner.scanJars At least one JAR was scanned for TLDs yet contained no TLDs. Enable debug logging for this logger for a complete list of JARs that were scanned but no TLDs were found in them. Skipping unneeded JARs during scanning can improve startup time and JSP compilation time.
27-Apr-2025 22:03:22.560 INFO [main] org.apache.catalina.startup.HostConfig.deployDirectory Deployment of web application directory [C:\Users\idipa\OneDrive\Desktop\apache-tomcat-9.0.104\webapps\host-manager] has finished in [949] ms
27-Apr-2025 22:03:22.562 INFO [main] org.apache.catalina.startup.HostConfig.deployDirectory Deploying web application directory [C:\Users\idipa\OneDrive\Desktop\apache-tomcat-9.0.104\webapps\manager]
27-Apr-2025 22:03:23.419 INFO [main] org.apache.jasper.servlet.TldScanner.scanJars At least one JAR was scanned for TLDs yet contained no TLDs. Enable debug logging for this logger for a complete list of JARs that were scanned but no TLDs were found in them. Skipping unneeded JARs during scanning can improve startup time and JSP compilation time.
27-Apr-2025 22:03:23.441 INFO [main] org.apache.catalina.startup.HostConfig.deployDirectory Deployment of web application directory [C:\Users\idipa\OneDrive\Desktop\apache-tomcat-9.0.104\webapps\manager] has finished in [878] ms
27-Apr-2025 22:03:23.442 INFO [main] org.apache.catalina.startup.HostConfig.deployDirectory Deploying web application directory [C:\Users\idipa\OneDrive\Desktop\apache-tomcat-9.0.104\webapps\ROOT]
27-Apr-2025 22:03:24.111 INFO [main] org.apache.jasper.servlet.TldScanner.scanJars At least one JAR was scanned for TLDs yet contained no TLDs. Enable debug logging for this logger for a complete list of JARs that were scanned but no TLDs were found in them. Skipping unneeded JARs during scanning can improve startup time and JSP compilation time.
27-Apr-2025 22:03:24.119 INFO [main] org.apache.catalina.startup.HostConfig.deployDirectory Deployment of web application directory [C:\Users\idipa\OneDrive\Desktop\apache-tomcat-9.0.104\webapps\ROOT] has finished in [678] ms
27-Apr-2025 22:03:24.140 INFO [main] org.apache.coyote.AbstractProtocol.start Starting ProtocolHandler ["http-nio-8002"]
27-Apr-2025 22:03:24.239 INFO [main] org.apache.catalina.startup.Catalina.start Server startup in [12753] milliseconds
27-Apr-2025 22:04:38.442 INFO [main] org.apache.catalina.core.StandardServer.await A valid shutdown command was received via the shutdown port. Stopping the Server instance.
27-Apr-2025 22:04:38.443 INFO [main] org.apache.coyote.AbstractProtocol.pause Pausing ProtocolHandler ["http-nio-8002"]
27-Apr-2025 22:04:38.715 INFO [main] org.apache.catalina.core.StandardService.stopInternal Stopping service [Catalina]
27-Apr-2025 22:04:38.817 INFO [main] org.apache.coyote.AbstractProtocol.stop Stopping ProtocolHandler ["http-nio-8002"]
27-Apr-2025 22:04:38.832 INFO [main] org.apache.coyote.AbstractProtocol.destroy Destroying ProtocolHandler ["http-nio-8002"]
27-Apr-2025 22:05:13.204 INFO [main] org.apache.catalina.startup.VersionLoggerListener.log Server version name:   Apache Tomcat/9.0.104
27-Apr-2025 22:05:13.216 INFO [main] org.apache.catalina.startup.VersionLoggerListener.log Server built:          Apr 4 2025 12:32:55 UTC
27-Apr-2025 22:05:13.217 INFO [main] org.apache.catalina.startup.VersionLoggerListener.log Server version number: 9.0.104.0
27-Apr-2025 22:05:13.218 INFO [main] org.apache.catalina.startup.VersionLoggerListener.log OS Name:               Windows 10
27-Apr-2025 22:05:13.219 INFO [main] org.apache.catalina.startup.VersionLoggerListener.log OS Version:            10.0
27-Apr-2025 22:05:13.219 INFO [main] org.apache.catalina.startup.VersionLoggerListener.log Architecture:          amd64
27-Apr-2025 22:05:13.219 INFO [main] org.apache.catalina.startup.VersionLoggerListener.log Java Home:             C:\Java\jdk-19
27-Apr-2025 22:05:13.219 INFO [main] org.apache.catalina.startup.VersionLoggerListener.log JVM Version:           19+36-2238
27-Apr-2025 22:05:13.220 INFO [main] org.apache.catalina.startup.VersionLoggerListener.log JVM Vendor:            Oracle Corporation
27-Apr-2025 22:05:13.220 INFO [main] org.apache.catalina.startup.VersionLoggerListener.log CATALINA_BASE:         C:\Users\idipa\OneDrive\Desktop\apache-tomcat-9.0.104
27-Apr-2025 22:05:13.221 INFO [main] org.apache.catalina.startup.VersionLoggerListener.log CATALINA_HOME:         C:\Users\idipa\OneDrive\Desktop\apache-tomcat-9.0.104
27-Apr-2025 22:05:13.258 INFO [main] org.apache.catalina.startup.VersionLoggerListener.log Command line argument: --add-opens=java.base/java.lang=ALL-UNNAMED
27-Apr-2025 22:05:13.260 INFO [main] org.apache.catalina.startup.VersionLoggerListener.log Command line argument: --add-opens=java.base/java.lang.invoke=ALL-UNNAMED
27-Apr-2025 22:05:13.264 INFO [main] org.apache.catalina.startup.VersionLoggerListener.log Command line argument: --add-opens=java.base/java.lang.reflect=ALL-UNNAMED
27-Apr-2025 22:05:13.266 INFO [main] org.apache.catalina.startup.VersionLoggerListener.log Command line argument: --add-opens=java.base/java.io=ALL-UNNAMED
27-Apr-2025 22:05:13.268 INFO [main] org.apache.catalina.startup.VersionLoggerListener.log Command line argument: --add-opens=java.base/java.util=ALL-UNNAMED
27-Apr-2025 22:05:13.270 INFO [main] org.apache.catalina.startup.VersionLoggerListener.log Command line argument: --add-opens=java.base/java.util.concurrent=ALL-UNNAMED
27-Apr-2025 22:05:13.272 INFO [main] org.apache.catalina.startup.VersionLoggerListener.log Command line argument: --add-opens=java.rmi/sun.rmi.transport=ALL-UNNAMED
27-Apr-2025 22:05:13.275 INFO [main] org.apache.catalina.startup.VersionLoggerListener.log Command line argument: -Djava.util.logging.config.file=C:\Users\idipa\OneDrive\Desktop\apache-tomcat-9.0.104\conf\logging.properties
27-Apr-2025 22:05:13.281 INFO [main] org.apache.catalina.startup.VersionLoggerListener.log Command line argument: -Djava.util.logging.manager=org.apache.juli.ClassLoaderLogManager
27-Apr-2025 22:05:13.282 INFO [main] org.apache.catalina.startup.VersionLoggerListener.log Command line argument: -Djdk.tls.ephemeralDHKeySize=2048
27-Apr-2025 22:05:13.283 INFO [main] org.apache.catalina.startup.VersionLoggerListener.log Command line argument: -Djava.protocol.handler.pkgs=org.apache.catalina.webresources
27-Apr-2025 22:05:13.285 INFO [main] org.apache.catalina.startup.VersionLoggerListener.log Command line argument: -Dsun.io.useCanonCaches=false
27-Apr-2025 22:05:13.286 INFO [main] org.apache.catalina.startup.VersionLoggerListener.log Command line argument: -Dignore.endorsed.dirs=
27-Apr-2025 22:05:13.287 INFO [main] org.apache.catalina.startup.VersionLoggerListener.log Command line argument: -Dcatalina.base=C:\Users\idipa\OneDrive\Desktop\apache-tomcat-9.0.104
27-Apr-2025 22:05:13.289 INFO [main] org.apache.catalina.startup.VersionLoggerListener.log Command line argument: -Dcatalina.home=C:\Users\idipa\OneDrive\Desktop\apache-tomcat-9.0.104
27-Apr-2025 22:05:13.290 INFO [main] org.apache.catalina.startup.VersionLoggerListener.log Command line argument: -Djava.io.tmpdir=C:\Users\idipa\OneDrive\Desktop\apache-tomcat-9.0.104\temp
27-Apr-2025 22:05:13.302 INFO [main] org.apache.catalina.core.AprLifecycleListener.lifecycleEvent Loaded Apache Tomcat Native library [1.3.1] using APR version [1.7.4].
27-Apr-2025 22:05:13.303 INFO [main] org.apache.catalina.core.AprLifecycleListener.lifecycleEvent APR capabilities: IPv6 [true], sendfile [true], accept filters [false], random [true], UDS [true].
27-Apr-2025 22:05:13.304 INFO [main] org.apache.catalina.core.AprLifecycleListener.lifecycleEvent APR/OpenSSL configuration: useAprConnector [false], useOpenSSL [true]
27-Apr-2025 22:05:13.321 INFO [main] org.apache.catalina.core.AprLifecycleListener.initializeSSL OpenSSL successfully initialized [OpenSSL 3.0.14 4 Jun 2024]
27-Apr-2025 22:05:14.828 INFO [main] org.apache.coyote.AbstractProtocol.init Initializing ProtocolHandler ["http-nio-8002"]
27-Apr-2025 22:05:14.967 INFO [main] org.apache.catalina.startup.Catalina.load Server initialization in [2304] milliseconds
27-Apr-2025 22:05:15.085 INFO [main] org.apache.catalina.core.StandardService.startInternal Starting service [Catalina]
27-Apr-2025 22:05:15.086 INFO [main] org.apache.catalina.core.StandardEngine.startInternal Starting Servlet engine: [Apache Tomcat/9.0.104]
27-Apr-2025 22:05:15.117 INFO [main] org.apache.catalina.startup.HostConfig.deployDirectory Deploying web application directory [C:\Users\idipa\OneDrive\Desktop\apache-tomcat-9.0.104\webapps\1112]
27-Apr-2025 22:05:18.930 INFO [main] org.apache.jasper.servlet.TldScanner.scanJars At least one JAR was scanned for TLDs yet contained no TLDs. Enable debug logging for this logger for a complete list of JARs that were scanned but no TLDs were found in them. Skipping unneeded JARs during scanning can improve startup time and JSP compilation time.
27-Apr-2025 22:05:19.320 INFO [main] org.apache.catalina.startup.HostConfig.deployDirectory Deployment of web application directory [C:\Users\idipa\OneDrive\Desktop\apache-tomcat-9.0.104\webapps\1112] has finished in [4,201] ms
27-Apr-2025 22:05:19.321 INFO [main] org.apache.catalina.startup.HostConfig.deployDirectory Deploying web application directory [C:\Users\idipa\OneDrive\Desktop\apache-tomcat-9.0.104\webapps\docs]
27-Apr-2025 22:05:20.287 INFO [main] org.apache.jasper.servlet.TldScanner.scanJars At least one JAR was scanned for TLDs yet contained no TLDs. Enable debug logging for this logger for a complete list of JARs that were scanned but no TLDs were found in them. Skipping unneeded JARs during scanning can improve startup time and JSP compilation time.
27-Apr-2025 22:05:20.298 INFO [main] org.apache.catalina.startup.HostConfig.deployDirectory Deployment of web application directory [C:\Users\idipa\OneDrive\Desktop\apache-tomcat-9.0.104\webapps\docs] has finished in [977] ms
27-Apr-2025 22:05:20.299 INFO [main] org.apache.catalina.startup.HostConfig.deployDirectory Deploying web application directory [C:\Users\idipa\OneDrive\Desktop\apache-tomcat-9.0.104\webapps\examples]
27-Apr-2025 22:05:22.169 INFO [main] org.apache.jasper.servlet.TldScanner.scanJars At least one JAR was scanned for TLDs yet contained no TLDs. Enable debug logging for this logger for a complete list of JARs that were scanned but no TLDs were found in them. Skipping unneeded JARs during scanning can improve startup time and JSP compilation time.
27-Apr-2025 22:05:22.335 INFO [main] org.apache.catalina.startup.HostConfig.deployDirectory Deployment of web application directory [C:\Users\idipa\OneDrive\Desktop\apache-tomcat-9.0.104\webapps\examples] has finished in [2,035] ms
27-Apr-2025 22:05:22.338 INFO [main] org.apache.catalina.startup.HostConfig.deployDirectory Deploying web application directory [C:\Users\idipa\OneDrive\Desktop\apache-tomcat-9.0.104\webapps\host-manager]
27-Apr-2025 22:05:23.462 INFO [main] org.apache.jasper.servlet.TldScanner.scanJars At least one JAR was scanned for TLDs yet contained no TLDs. Enable debug logging for this logger for a complete list of JARs that were scanned but no TLDs were found in them. Skipping unneeded JARs during scanning can improve startup time and JSP compilation time.
27-Apr-2025 22:05:23.497 INFO [main] org.apache.catalina.startup.HostConfig.deployDirectory Deployment of web application directory [C:\Users\idipa\OneDrive\Desktop\apache-tomcat-9.0.104\webapps\host-manager] has finished in [1,158] ms
27-Apr-2025 22:05:23.502 INFO [main] org.apache.catalina.startup.HostConfig.deployDirectory Deploying web application directory [C:\Users\idipa\OneDrive\Desktop\apache-tomcat-9.0.104\webapps\manager]
27-Apr-2025 22:05:24.554 INFO [main] org.apache.jasper.servlet.TldScanner.scanJars At least one JAR was scanned for TLDs yet contained no TLDs. Enable debug logging for this logger for a complete list of JARs that were scanned but no TLDs were found in them. Skipping unneeded JARs during scanning can improve startup time and JSP compilation time.
27-Apr-2025 22:05:24.578 INFO [main] org.apache.catalina.startup.HostConfig.deployDirectory Deployment of web application directory [C:\Users\idipa\OneDrive\Desktop\apache-tomcat-9.0.104\webapps\manager] has finished in [1,077] ms
27-Apr-2025 22:05:24.581 INFO [main] org.apache.catalina.startup.HostConfig.deployDirectory Deploying web application directory [C:\Users\idipa\OneDrive\Desktop\apache-tomcat-9.0.104\webapps\ROOT]
27-Apr-2025 22:05:25.459 INFO [main] org.apache.jasper.servlet.TldScanner.scanJars At least one JAR was scanned for TLDs yet contained no TLDs. Enable debug logging for this logger for a complete list of JARs that were scanned but no TLDs were found in them. Skipping unneeded JARs during scanning can improve startup time and JSP compilation time.
27-Apr-2025 22:05:25.543 INFO [main] org.apache.catalina.startup.HostConfig.deployDirectory Deployment of web application directory [C:\Users\idipa\OneDrive\Desktop\apache-tomcat-9.0.104\webapps\ROOT] has finished in [961] ms
27-Apr-2025 22:05:25.648 INFO [main] org.apache.coyote.AbstractProtocol.start Starting ProtocolHandler ["http-nio-8002"]
27-Apr-2025 22:05:25.766 INFO [main] org.apache.catalina.startup.Catalina.start Server startup in [10793] milliseconds
27-Apr-2025 22:24:11.981 INFO [main] org.apache.catalina.core.StandardServer.await A valid shutdown command was received via the shutdown port. Stopping the Server instance.
27-Apr-2025 22:24:11.983 INFO [main] org.apache.coyote.AbstractProtocol.pause Pausing ProtocolHandler ["http-nio-8002"]
27-Apr-2025 22:24:12.279 INFO [main] org.apache.catalina.core.StandardService.stopInternal Stopping service [Catalina]
27-Apr-2025 22:24:12.360 INFO [main] org.apache.coyote.AbstractProtocol.stop Stopping ProtocolHandler ["http-nio-8002"]
27-Apr-2025 22:24:12.372 INFO [main] org.apache.coyote.AbstractProtocol.destroy Destroying ProtocolHandler ["http-nio-8002"]
