Image,Mode,Original Size,Compressed Size,Compression Ratio (%),Space Saving (%),Compression Time (ms)
./data/b&w1_mod.png,bw,2500,1068,42.72,57.28,5.001306533813477
./data/b&w2_mod.png,bw,10000,2360,23.599999999999998,76.4,11.00611686706543
./data/gray1_mod.png,grayscale,40000,134172,335.43,-235.43,117.98882484436035
./data/gray2_mod.png,grayscale,90000,183616,204.01777777777775,-104.01777777777775,165.99607467651367
./data/rgb1_mod.png,rgb,480000,728096,151.68666666666667,-51.68666666666667,1498.9993572235107
./data/rgb2_mod.png,rgb,750000,1270360,169.38133333333334,-69.38133333333334,2706.0015201568604
